comentario_esp,mp_tag,calidad,facilidad,materia,calif_Obtenida,fecha
Sabe de lo que habla solo que a veces puede ser aburrido Un poco exigente con los trabajos muy teórico,BUENO,7.0,6.0,Audiovisual,8.5,25/May/2020
Con el ahuevo pasas la materia Su gentileza lo expone a que a veces los alumnos se salten su clase,BUENO,8.0,10.0,Química,10.0,09/May/2022
Falta muchísimo casi no enseña Sus clases a veces dan flojera pero es medio barco calificando Si pueden evitarlo denle,REGULAR,4.0,6.0,Comodín,10.0,25/May/2020
Prepárate para no aprender nada de planeación Hace de su clase un programa de invitados especiales que dejan poco en los estudiantes A algunos les gusta que lleve invitados pero no aprendes nada nada,MALO,3.0,6.0,Seminario de planeación en comunicación,9.0,25/May/2020
Hace preguntas antes de cada práctica por lo que es necesario llegar leído Le gusta mucho la participación grupal Nunca puso examen Explicaciones muy claras Ofrece la posibilidad de verificar los reportes de laboratorio fuera de horas de clase antes de entregarlos La recomiendo,BUENO,9.0,8.0,Laboratorio biología,9.5,08/May/2017
Excelente maestra y muy linda con el trato a sus alumnos Accesible para proyectos extraclase,BUENO,10.0,6.0,Biología Celular,10.0,19/Ago/2016
Le falta experiencia,REGULAR,6.0,6.0,Biología,7.0,17/Abr/2014
Califica a todos igual si participas puede que te suba No entiendes casi nada si no has llevado ecuaciones antes como la mayoría que toma su clase Su clase es confusa,REGULAR,4.0,4.0,Mecánica Vectorial para Ingenieros II,8.5,10/May/2020
Al momento de dar la clase es un poco confusa su explicación pero si deja claro al momento de realizar sus tareas Si no comprendes en la siguiente clase se toma el tiempo de dejar el tema claro Recomendable no faltar,REGULAR,5.0,8.0,Matemáticas II,9.0,09/Ago/2017
El profesor evalúa de la forma más integral que puede tomando en cuenta el desarrollo de todo el semestre y no solo el resultado del examen Muy agradable su clase pero depende de uno mismo pasar,BUENO,10.0,10.0,Español Superior,10.0,15/Sep/2021
Disfruté mucho las clases del profe Avechuco Explica muy bien y siempre está dispuesto a brindar asesorías,BUENO,10.0,10.0,Español Superior,10.0,25/Mar/2021
Todo mundo me decía que las clases de Avilés eran muy buenas pero con nosotros dejó mucho a desear Casi todo lo que decía en clase lo sacaba de un solo libro muy a la antigua  Está bien porque sabe de lo que está hablando solo que las clases son muy cerradas a sus opiniones y a las opiniones D1,BUENO,8.0,6.0,Literatura Española,9.5,26/Sep/2018
Si participas en su clase te va muy bien los exámenes son muy similares a los ejercicios que deja de tarea,BUENO,9.0,10.0,Cálculo II,10.0,18/Dic/2021
Supongo que lo recomiendo si quieres sacar un 100 fácil Es un maestro muy desactualizado y no muestra saber mucho de las clases que imparte,MALO,2.0,10.0,Ingeniería de costos,9.5,09/May/2022
Maneja bien las tecnologías  a pesar de su edad le gusta hacer chistes y pasar esta clase es muy sencillo solo es necesario cumplir con unos cuestionarios de un libro que él proporciona,BUENO,10.0,10.0,Introducción a la Ingeniería Química,10.0,27/May/2021
La clase en si es muy pesada y el maestro si te ayuda mucho,REGULAR,6.0,6.0,Diseño de Equipo I,8.5,22/Feb/2014
Muy buen profesor no explica muy a fondo pero igual se le entiende y explica con mucha claridad Muy actualizado a pesar de su edad,BUENO,9.0,10.0,Introducción a la Ingeniería Química,9.5,14/Dic/2013
Lleve  bioestadistica 1 y 2 con ella online es obligatorio descargar un programa llamado SPSS es muy importante participar hace preguntas al azar todas las clases y quita asistencia si respondes mal o no contestas o respondes a medias al igual que se hacen actividades y se suben al final de clase,REGULAR,6.0,4.0,Bioestadistica 2,7.5,17/Ene/2021
Todo el peso de la materia está ti el grupo da la clase y son temas complejos añade comentarios responde dudas y correciones durante las exposiciones,BUENO,8.0,2.0,Embriología,8.0,12/Ago/2021
Un profesor muy apasionado Sabe tomar en cuenta todos los comentarios para dirigir la clase hacia el contenido programado Está muy dispuesto a brindar ayuda extra y es amable en sus críticas para mejorarnos Los conceptos y temas abordados quedan tan claros que no se olvida,BUENO,10.0,10.0,Instrumentos literarios,10.0,15/Sep/2021
Bobadilla es uno de los mejores profesores que me han tocado el la carrera lo admiro mucho y aspiro a ser un profesora como él,BUENO,10.0,10.0,Introducción al análisis literario,10.0,15/Sep/2021
Aunque el profesor está apasionado por el tema que enseña nada de lo que dices le gusta Solo lo que él cree es lo correcto y minimiza mucho a los estudiantes diciéndoles que deben rascar más al texto Luego que avanzas en los semestres te das cuenta que sus ideas son muy cerradas,REGULAR,5.0,6.0,Mexicana,9.0,26/Sep/2018
Cuando la maestra llega al salón y pone sus gráficas en el proyector ya es la hora de irse a dormir con su colchón spring air También nunca dio la clase siempre pasaban compañeros a explicarlas y en todo el semestre puso un único examen que todos reprobaron además es chaira por que apoya AMLO,MALO,3.0,4.0,Microeconomía,8.5,06/Mar/2020
La maestra me cayo súper bien es muy linda y se ve que sabe mucho de lo que enseña,BUENO,9.0,8.0,Microeconomía 2,8.0,18/Dic/2019
En general estuvieron bien las clases de la profesora Burrola,BUENO,9.0,8.0,En todas las que daba.,9.5,25/Mar/2021
Las clases son algo aburridas porque dice lo que ya todos sabemos de la lectura de las obras Hace exámenes en los que pregunta cosas irrelevantes de las obras y luego en clase no explica por qué hizo esas preguntas Se ve que ayuda a sus alumnos favoritos y a los demás no los pela,REGULAR,6.0,6.0,Hispanoamericana,10.0,26/Sep/2018
Es un profesor que disfruta su trabajo y se esfuerza por mantener el interés de los estudiantes,BUENO,10.0,10.0,Literatura extranjera,10.0,15/Sep/2021
Su estrategia de evaluación son puros kahoot Está bien utilizar las nuevas tecnologías pero es la ÚNICA estrategia que parece conocer,REGULAR,6.0,4.0,LITERATURA HISPANOAMERICANA,9.5,25/Mar/2021
Tomé varias clases de literatura con el maestro Campa pero las que más me gustaron fueron las de redacción o escritura creativa Se ve que le gusta mucho esa faceta de la enseñanza ponía ejercicios muy dinámicos y útiles,BUENO,10.0,10.0,Redacción,10.0,26/Sep/2018
Muy enojona y no sabe de lo que habla muchas veces y exigente,MALO,3.0,4.0,"Radio, práctica",7.5,25/May/2020
lo unico malo es que no da en niveles muy altos pero es con quien mas he aprendido en el nivel 4,BUENO,10.0,8.0,Ingles,9.5,24/Oct/2019
excelente doctor y maestro nos enseñó lo básico que un medico general debe saber de cardio la parte practica y los sabados nos invitaba a ver pacientes en el hospitalasi q no hagan caso a los comentarios el problema es que algunos no iban porque no querian ni modo ellos se perdieron las práctica,BUENO,10.0,10.0,Cardiologia,10.0,11/Mar/2015
detecten a las malas personas que critican la clase del dr Canale la clase de Cardiología practica es excelente sobre todo por que gran parte del curso es imagenologia y lectura7interpretación de ECG  por lo tanto tambien nos daba la opcion de ir a ver pacientes y presentar casos clinicos,BUENO,10.0,8.0,Cardiologia,9.5,21/Sep/2014
genial ,BUENO,10.0,10.0,Bioetica,10.0,16/May/2014
Excelente cardiologo Sus clases me parecieron muy buenas se nota su amplia experiencia y sobre todo su facilidad para transmitir conocimientos basicos sobre lo que es la Cardiología practica,BUENO,10.0,10.0,Cardiologia,9.5,30/Abr/2014
Buena materia con el pero el problema es que no te da práctica y hay peligro de ser médico teórico,BUENO,8.0,6.0,Cardiología,7.5,07/Mar/2014
me gusto mucho la clase con el dr canale ademas de ser un gran medico tiene mucha facilidad para impartir bioetica en especial en medicina creo que me sirvio mucho para tener criterio y es una materia muy diferente a las demas materias de medicina se nota que tiene mucha experiencia ,BUENO,10.0,8.0,Bioetica,10.0,17/Feb/2014
unica e inigualable la dra Candia,BUENO,9.0,2.0,FARMACOLOGIA,8.0,24/Ago/2015
Farma es pesada pero muy padre,BUENO,10.0,4.0,Farma,10.0,01/Ago/2014
Muchísimo que estudiar pero nos ayuda las explicaciones que da,BUENO,10.0,8.0,Farma,10.0,23/May/2014
la doctora Candia me dio clases cuando estudiaba en la unison excelente doctora sobre todo comprometida de verdad con la Medicina,BUENO,10.0,2.0,Bioquimica,8.0,16/May/2014
Es difícil la materia pero nos da sus materiales y nos explica muy bien,BUENO,10.0,8.0,Farmacología,10.0,17/Abr/2014
una materia muy recomendable de la maestría en salud de la Unison,BUENO,10.0,8.0,Bioquímica,10.0,03/Mar/2014
Excelente maestra superbuena investigadora estricta hasta los huesos pero muy buena amiga e increible persona,BUENO,10.0,6.0,Bioquímica,8.0,16/Ago/2013
Llevé con ella análisis bioquimicos hace ya un buen rato y lo que aprendí me sirvió mucho para poner mi laboratorio bien por la maestra la quiero mucho,BUENO,10.0,8.0,análisis bioquímicos,10.0,10/Ago/2013
Es muy buena dando las clases aunque sería mejor que las materias que imparte a los alumnos de medicina estuvieran más enfocadas en la clínica más que en aspectos útiles en otras carreras como químicobiólogo,BUENO,8.0,4.0,genética,8.0,03/Jul/2013
Muy buena en su materia Sus clases son muy bonitas la teoría es muy clara y trabaja con problemas muy buenos que ayudan en el laboratorio,BUENO,10.0,6.0,Bioquímica de maestria,10.0,30/Jun/2013
uuuy hace muchos años me dio genéticainolvidable la maestra,BUENO,10.0,10.0,genética,10.0,23/Mar/2013
Detecten a la mala persona que califica mal a la dra ella es excelente y su clase magnífica yo aprendí mucho bioquímica,BUENO,10.0,4.0,Bioquimica,10.0,08/Mar/2013
La Dra Candia es muy buena persona te ayuda a aprender y también a resolver tus problemas personales,BUENO,10.0,10.0,Farmacología,10.0,17/Feb/2013
Excelente exposición conocimiento del tema y amplia experiencia práctica en campo y laboratorio,BUENO,10.0,10.0,Producción de Semillas,8.5,18/Jul/2021
Su conocimiento de los temas de clase son amplios los presenta muy interesantes y amenos El tiempo de clase no parece suficiente para seguir con los temas Su apoyo en el desarrollo de las prácticas de laboratorio son invaluables pues nos da información como todo un experto,BUENO,10.0,10.0,Producción de Semillas,10.0,11/Mar/2011
No había café tan fuerte que me quitara el sueño en su clase su voz y su ritmo no te ayudaba a ponerle atención y al final batallabas no por que estuviera difícil si no porque no ponía atención yo No estaba tan difícil la clase es buena en lab pero en clase zzz,REGULAR,5.0,6.0,analisis quimico aplicado,21.0,19/Feb/2023
Toda la hora leía la presentación que llevaba preparada al ser en línea pocas veces escuchaba cuando teníamos dudas se volvió algo pesada la materia por lo mismo,REGULAR,4.0,8.0,Análisis Químico Aplicado,9.5,18/Dic/2021
Es muy buen profe de foto pero es exigente calificando,BUENO,10.0,6.0,Foto,8.5,25/May/2020
Sus clases son sencillas si se hacen los ejercicios y se estudian las presentaciones aseguras buena nota porque en los exámenes puedes encontrar todo de ahí,BUENO,10.0,10.0,Química Orgánica,10.0,18/Dic/2021
La clase sería muy fácil tan solo si se diera a entender La clase es tediosa y aburrida No te dan ganas de poner atención,MALO,3.0,4.0,Análisis Químico Aplicado,21.0,20/Ago/2020
Confunde mucho no es clara con algunos temas,REGULAR,5.0,10.0,Análisis Químico Aplicado,9.0,13/Ago/2020
el doctor celis me impartió la materia de propedeutica hace algun tiempo definitivamente me sirvio mucho en el hospital del issste hermosillo nos permitio hacer practicas y aprender va a su ritmo a veces no tiene un orden claro pero es muy recomendado se enfoca a lo importante,BUENO,9.0,4.0,propedeutica,9.5,17/Feb/2014
Malisima No se porque ponen a profesores a dar clases que no saben explicar,MALO,2.0,6.0,Mecanica,8.5,21/Jun/2023
No tiene claridad al explicar hace como que sabe pero se nota que no sabe nada,MALO,2.0,2.0,MECÁNICA,9.0,08/Jun/2023
Pésimo se debería jubilar ya,MALO,2.0,2.0,Derecho Comparado,10.0,20/Jul/2018
Un ser pusilanime poco prefesional con  poco o nulo conocimiento de la materia Si sabes algo que el no preparate para ser atacado y acosado sexualmente REGALA LAS CALIFICACIONES no obstante NUNCA LO TOMEN mis niveles de azucar bajan en su clase,MALO,2.0,10.0,Seminario de interpretación juridica,10.0,27/Abr/2016
Es una burla que un maestro como él se atreva a dar clases en una institución como esta No da clase todo el semestre se la pasa hablando de su vida puro rollo A veces da risa pero hace bromas muy de doble sentido acosando a estudiantes,MALO,2.0,10.0,Derecho Internacional Privado,0.5,08/Jul/2014
Muy buena maestra y muy linda Su clase es muy buena y le gusta que participen Volvería a tomar su clase de nuevo Estudia mucho de sus diapositivas de ahí pone sus exámenes,BUENO,10.0,10.0,Histología,9.5,26/Oct/2022
z03 La clase es larga Es fácil pasar con ella memorízate sus diapos pero estudia tu a lo largo del parcial para que sí aprendas Salir bien con ella es fácil Muéstrale interés en su clase Eso es importante Todos tienen que haber participado una vez en el parcial Pónganse de acuerdo,BUENO,7.0,10.0,Histología (T),9.5,08/Ago/2017
El mejor profesor que he tenido 1010,BUENO,10.0,6.0,Mecanica,9.0,03/Jun/2023
Excelente en todos los aspectos cada clase con el fue muy motivadora al aprendizaje espero nunca cambie,BUENO,10.0,10.0,MECANICA,9.0,05/Dic/2022
Muuuuuy barco no enseña nada de su clase pero con ir  a punta chueca pasas,REGULAR,5.0,10.0,Medios impresos,10.0,25/May/2020
No dejes pasar la oportunidad de tomar clase con esta maestra muy agradable curso,BUENO,10.0,10.0,Produccion.,9.0,12/Ene/2021
"En linea 
Es buena profesora tiene un buen sentido del humor que le da el toque a la clase para poder resistir a 3 horas de clase",BUENO,10.0,10.0,Producción,10.0,16/Dic/2020
Se toma el tiempo necesario para que las ideas se entiendan,BUENO,10.0,8.0,Álgebra Lineal,9.0,23/Dic/2021
La clase se resumía en él leyendo su material y asignaba un trabajo semanal que podía ser individual o en equipo explicaba los criterios y después indicaba los fallos en el trabajo entregado,REGULAR,5.0,8.0,Ética y desarrollo profesional,9.5,18/Dic/2021
Excelente maestra y ser humano,BUENO,9.0,8.0,Matematicas,8.5,09/Ago/2018
Estricta pero muy buena la recomiendo,BUENO,10.0,6.0,Análisis Químico,10.0,06/Ago/2018
No le interesan todos los alumnos da la clase para unos pocos,REGULAR,4.0,10.0,Finanzas,24.0,03/Jul/2019
Se cree la gran mierda,REGULAR,4.0,6.0,Negocios Internacionales,8.0,18/May/2018
El peor maestro que he tenido Muy sarcástico le encanta reprobar gente,MALO,3.0,4.0,Fisica lll,9.5,07/Ene/2019
Charlie te da algunas materias difíciles dinámica pero no esta tan complicado Tienes que ponerle machín atención porque entra al salón con plumón en mano dejándote caer con problemas Ocupas las notas de las clases para sobrevivir pídelas falta ve a los exámenes saca 100 domina el mundo,BUENO,8.0,4.0,dinamica sistemas / mecanica vect/ analisis num.,9.0,19/Feb/2023
A pesar de que su clase es difícil a diferencia de los otros maestros de Ética que casi no se esmeran en sus clases  con este maestro si aprendes,BUENO,10.0,10.0,Etica y desarrollo profesional,8.5,31/Jul/2020
Durante las clases es de leer Es de dejar trabajos en equipo los exámenes son medio difíciles,REGULAR,5.0,6.0,Ética y Desarrollo Profesional,8.0,28/Ago/2017
Es buena explicando pero tuvimos problemas con el internet en clases en línea Si tomaría otra clase con ella en el futuro es comprensiva y le gusta buscar alternativas de trabajo Sus exámenes teóricos son difíciles los de problemas son similares a los vistos en clase,BUENO,10.0,8.0,Física III con laboratorio,10.0,18/Dic/2021
A la gente le cae bien a mi no tanto porque la clase es puro rollo de su vida o supuestas enseñanzas nomas hace preguntas al salón y nadie contesta bien y se va sin contestarlas Deja un trabajote final larguísimo que ni al caso con lo que enseña y super exigente calificandolo no lo recomiendo,REGULAR,6.0,4.0,Intervención,8.0,25/May/2020
moroyoqui es el mejor aprendes lo mas importante no hay estres psicologico y sabe explicar lo mas fundamental yo si lo recomiendo apra microbiologia,BUENO,9.0,10.0,Microbiologia,8.5,21/Sep/2014
Es un buen Profesor solo que le falta un poco de experiencia a la hora de explicarcosa que se da con el tiempo pero es conocedor y esta abierto a dar asesorias Lo recomiendo,BUENO,7.0,6.0,Inmunología,10.0,22/Ago/2013
Excelente maestra Totalmente recomendada Poco impuntual e inconstante pero aprendi demasiado,BUENO,10.0,4.0,Analisis Instrumental,9.0,15/Sep/2009
De los mejores profesores del departamento de matemáticas Sugiero que participes constantemente y hagas notar tu presencia en clase para que el profe te identifique ya que es más flexible calificando hacia aquellos estudiantes que ya conoce,BUENO,10.0,4.0,Cálculo IV,9.5,28/May/2022
De los mejores maestros que he tenido siempre con la prioridad de hacer  las ideas claras,BUENO,10.0,6.0,"Cálculo II, Cálculo IV",9.5,23/Dic/2021
Sus exámenes son muy sencillos solo que los temas de la materia son algo repetitivos,BUENO,7.0,10.0,Probabilidad y Estadística,10.0,18/Dic/2021
Son muchos problemas de un día para otro selecciona los capítulos de Maroon que quiere que contestemos las explicaciones no siempre son buenas es muy estresante su clase y sus exámenes,BUENO,7.0,4.0,Termodinámica I,9.0,18/Dic/2021
super buen profe tiene temas super interesantes y te platica la clase como si fuera una platica con tus amigos,BUENO,10.0,10.0,Caracteristicas de la sociedad actual,9.5,24/Oct/2019
Deja que estudiar con pocos días de anticipación y temas largos pero te ayuda a forjar el carácter,BUENO,10.0,10.0,Anatomía,9.0,23/Abr/2020
Hermoso,BUENO,10.0,2.0,Traumatología y ortopedia,9.0,28/Oct/2019
Es un Doctor muy amable y respetuoso En su clase la exigencia es poca pero se puede sacar gran provecho del anfiteatro debido al gran número de visitas,BUENO,10.0,10.0,Anatomia 1,7.5,29/Dic/2016
Es muy lindo el Dr Si quieres sacarle el mayor provecho al anfiteatro ve muy bien estudiado con músculos vasos y nervios Si no luego no sabes ni que vez y no aprendes Estudia con tiempo para el examen final de disecciones para que no se te haga pesado Siempre dispuesto a ayudarte,BUENO,10.0,10.0,Laboratorio de Anatomía I,8.0,28/Dic/2016
El profesor no explica bien ni siquiera los ejercicios que nos deja Si le preguntamos se enoja Además sus comentarios misóginos obviamente sobran,MALO,2.0,2.0,Didáctica,9.5,25/Mar/2021
El maestro Pancho es muy buen maestro siempre tiene ideas innovadoras y las clases son entretenidas A veces como que se le olvidan las cosas que dijo en clase con puntos extra y calificaciones pero sus clases son de las más originales e interesantes,BUENO,10.0,10.0,Didáctica,9.5,26/Sep/2018
Muy buen maestro explica bastante bien  y sabe el como plasmar distintos ámbitos aplicados a las matemáticas para comprenderlo un poco mejor la participación cuenta mucho volvería a llevar una clase con el,BUENO,9.0,8.0,Ecuaciones Diferenciales,7.0,29/Jun/2022
Poco enfoque en lo básico que te permite formar una base de conocimiento entra directamente a situaciones específicas y complejas,BUENO,7.0,2.0,Cálculo,9.0,15/Feb/2021
Explica muy bien y se da tiempo para explicarte si necesitas ayuda además que te brinda asesoría extra en su cubículo si crees necesario,BUENO,10.0,10.0,Calculo III,8.0,13/Jun/2019
Excelente ser humano Recomendado,BUENO,8.0,8.0,Anatomia,8.0,16/Dic/2019
El Doctor no tiene mucha presencia de aula ya que su voz no es tan fuerte Procura sentarte enfrente A pesar de esto es muy paciente y comprensivo sabe muchísimo de los temas Siempre disponible y dispuesto a ayudarte No se escucha lo que dice pero lo que dice es muy importante,BUENO,8.0,6.0,Anatomía,8.5,11/Nov/2019
Quiero ser como el,BUENO,10.0,10.0,Neuroanatomía,23.0,16/Nov/2017
No es un buen docente Su clase tiene 0 organización No utilizan el libro adecuado Si quieres aprender estudia tú Deja dibujos de tareas y exposiciones por grupo Échale ganas y busca caerle bien para que no tengas problema Quédate al fina len los exámenes y te da las respuestas,REGULAR,4.0,4.0,Anatomía II / Neuroanatomía,8.0,08/Ago/2017
Es buen maestro explica super bien y califica tranquilo Trabajas normal nunca acelerado y las dudas las responde siempre 4 examenes con pase cada uno Examenes tranquilos 1010,BUENO,10.0,8.0,calculo I y II,9.5,19/Feb/2023
Es buen maestro en virtual muchos trabajos en equipo y los exámenes son sencillos si hacen los ejercicios de clase,BUENO,9.0,8.0,Cálculo I,10.0,14/Dic/2021
Excelente profesor para aprender portugués te enseña demasiado de la cultura brasileña,BUENO,10.0,6.0,Portugués 2,9.0,09/May/2022
Cuando era profesor de Letras divagaba mucho en clase y se hacía el cómico No separaba los asuntos personales de los académicos,MALO,3.0,4.0,En todas las que daba.,9.0,25/Mar/2021
Te dice huevon aunque le hagas el paro en si es un hijo de la chingada aprendes más en youtube o el icatson que con el,MALO,3.0,6.0,Manufactura avanzada,7.0,05/Jul/2023
Pasa medio semestre no es exageración explicando por qué es importante la manufactura muestra poco interés en utilizar métodos diferentes para enseñanza considerando las clases online intentó simular cnc con figuras predetermiandas de word,REGULAR,6.0,10.0,Manufactura avanzada,9.0,17/Dic/2021
Quiere dar clases en otras horas pone examenes tarde tiene temperamento muy poco profecional deja tareas que nada que  ver con la clase,MALO,3.0,8.0,Manufactura Avanzada,10.0,17/Dic/2021
Toda la programación viene determinada por el departamento él solo es portavoz de lo que dicen arriba Es buen maestro pero la materia no ayuda ya que los contenidos son tediosos pero su forma de abordarlos los hace más ligeros,BUENO,10.0,10.0,Sustentabilidad en las Ingenierías,10.0,18/Dic/2021
Gran ser humano que nos orienta con los valores de un buen médico y nos enseña a aprender de múltiples formas súper respetuoso dedicado y responsable,BUENO,10.0,10.0,Embriologia,9.0,13/Oct/2022
Gran ser humano y excelente académico siempre al pendiente de nosotros,BUENO,10.0,10.0,Pediatria,9.0,24/Sep/2021
la docencia y el trato amable y respetuoso a sus alumnos es lo que caracteriza a nuestro profe,BUENO,10.0,10.0,pediatria,9.0,23/Sep/2020
Es un profesor con alma buena ayuda a sus alumnos a crecer y aprender de muchas formas ideal para ser un Coaching motivacionales al 100 profesional respetuoso y súper amable y alegre siempre al pendiente de nuestras dudas,BUENO,10.0,10.0,Pediatría,9.0,20/Ago/2020
SUS CLASES EXCELENTES UN EJEMPLO A SEGUIR COMO PROFESOR Y COMO SE DEBEN TRATAR A LOS PACIENTE CUANDO LLEGUEMOS A SER MEDICOS GENERALES O ESPECIALISTAS,BUENO,10.0,10.0,PEDIATRIA,9.0,23/Abr/2020
"Gran ser humano con valores muy marcados hacia el respeto y el cómo enseñar a nosotros los
Jóvenes",BUENO,10.0,10.0,Embriología,9.5,20/Nov/2019
Excelente ser humano,BUENO,10.0,10.0,Hematoncologia,9.0,03/Ene/2019
No muestra interés responde de mala gana si le preguntas Equipos exponen pero él no dice nada sobre la clase,MALO,3.0,6.0,Biologia del desarrollo,10.0,26/Ene/2018
Excelente maestro y un gran ser humano estricto con sus tareas en casa y mucha participación con mucha experiencia,BUENO,10.0,10.0,Biología del desarrollo,9.5,15/Dic/2017
Relativamente buena realmente recomendado preguntar y aclarar absolutamente todas tus dudas Desventajas Preparate para propaganda política no solicitada y juicios sobre que tan imperialista eres y que tanto le crees a Estados Unidos,BUENO,8.0,4.0,Teoría de la Computación,10.0,10/Jun/2021
No toma lista Si faltas ni cuenta se da Expone muy bien Califica al final del parcial con examen en grupos Pónganse de acuerdo una semana antes Es muy fácil,BUENO,8.0,10.0,Biología del Desarrollo (Geriatría),10.0,08/Ago/2017
Excelente profesora Responsable y muy atinada en sus comentarios,BUENO,10.0,6.0,Características de la sociedad actual,9.5,11/Ene/2011
La clase más difícil que he tenido también la clase en la que más he aprendido Esta clase es estudiar todo el día todos los días pero aprendes un montonal de anatomía y te acostumbras mucho a lo difícil de la carrera lo cual es invaluable,BUENO,7.0,2.0,Anatomía I,7.5,24/May/2023
En sus exámenes pone de todo menos de lo que se vio en la clase,MALO,2.0,2.0,Neurología,8.5,17/Dic/2020
Excelente doctor,BUENO,10.0,6.0,Anatomía I,8.0,28/Dic/2018
Es cuestión de dedicarle todo a su clase tanto como tiempo y esfuerzo,BUENO,8.0,6.0,Anatomia 1,7.5,07/Dic/2017
Me parece que en esta clase aprender anatomia depende totalmente de cada estudiante El doctor no da la clase y su forma de evaluar es algo confusa,REGULAR,5.0,4.0,Anatomia 1,8.0,29/Dic/2016
Si quieres aprender estudia mucho todos los días e intenta agarrarle el ritmo No te atrases y repasa Intenta no hacerte tonto y estudia a pesar de que haya voluntarios Sólo así aprenderás Al principio libro es difícil entender luego le agarras el rollo así que tranquilo,REGULAR,6.0,2.0,Anatomía I,8.0,28/Dic/2016
Te exige a leer todos los díás eso es seguro que estudias y así llegas preparado al examen aprendes mucho por más dificil que sea es cuestión de agarrarle el rollo y a parte es un amor con lo alumnos los recompensa al final con una carne asada y es muy lindo con todos aparte de que te explica,BUENO,10.0,4.0,Anatomia I,9.5,05/Dic/2015
NO ME GUSTO SU METODO MUY DIFICIL ANATOMIA SOBRE TODO NEUROANATOMIA MUCHOS REPROBADOS,REGULAR,4.0,2.0,ANATOMÍA,7.0,24/Ago/2015
Anatomia muy dificil,REGULAR,4.0,2.0,Anatomia,7.5,30/Abr/2014
El profe se ve que sabe pero divaga mucho en los temas no prepara clases y termina tomando clases completas para temas que no tienen que ver con la materia Deja tareas largas y para entregar en poco tiempo No tomaría otra clase con el,REGULAR,5.0,4.0,Algebra Superior 1,23.0,10/Nov/2021
Es un profesor riguroso y puede parecer duro pero tiene mucho conocimiento que ofrecer Si participas y haces preguntas en clase te irá bien Tienes que tomarte la clase con seriedad pero lo que te enseña no se te olvida,REGULAR,6.0,4.0,Álgebra Superior,10.0,02/Ago/2021
Maestro que parece buena onda pero nomás no es bien terco con su manera de enseñar y deja trabajos para el mismo día en línea y nunca los revisa por lo que nunca nos da retroalimentación,REGULAR,4.0,4.0,Programación,8.5,30/Jul/2021
No tuvo estructurada la forma de dar la clase por lo que fue muy un curso muy ineficiente y por lo tanto poco productivo,REGULAR,5.0,10.0,Mecánica I,10.0,23/Dic/2021
Su metodología de evaluación nunca fue clara los resultados de exámenes nunca los entregó,BUENO,7.0,8.0,Física I con laboratorio,9.5,14/Dic/2021
Es uno de los MEJORES y más dedicados maestro de toda la Unison Todas las materias que imparte siempre asiste a pesar de que ya está mayor pone mucha atención a las expos y enseña consejos clinicos muy practicos,BUENO,10.0,8.0,Fisiopatologia,10.0,22/Ene/2015
Excelente Me gusto mucho su metodo de enseñanza en fisiología II,BUENO,10.0,10.0,Fisiologia,9.5,30/Abr/2014
El único problema es que pone todo tan fácil que uno no se da cuenta de que aprende poco hasta después cuando lleva materias mas avanzadas,BUENO,10.0,10.0,Fisiología,8.0,07/Mar/2014
doctor Herrera es un cirujano reconocido aqui en Hermosillo y en Sonora nos dio la materia de Fisiologia hace muy buenas preguntas en las exposiciones y busca que aprendas y que estudies diariamente sus examenes no son dificiles pregunta lo mas importante y tiene talleres clinicos muy recomendado,BUENO,10.0,8.0,Fisiologia,10.0,17/Feb/2014
En un semestre en línea atendía una vez a la semana mandaba un video y material extra para el trabajo y con ese conjunto de ensayos evaluó el semestre,BUENO,10.0,10.0,Características de la Sociedad Actual,10.0,18/Dic/2021
Buenas clases virtuales es muy imponente su forma de explicar pero adaptándote aprendes mucho con ella Son varios trabajos en equipo,BUENO,9.0,6.0,Álgebra,10.0,14/Dic/2021
Subjetivo,BUENO,8.0,4.0,Diseño,8.0,24/Jul/2015
Una eminencia muy exigente pero siempre apoya a sus alumnos le gusta sacar lo mejor de todos Uno de los mejores de derecho,BUENO,9.0,10.0,Derecho Agrario,10.0,18/Mar/2023
"Es estricto respecto a los trabajos y a la puntualidad pero flexible si tienes una buena excusa Sus clases se basan en las tareas y a veces encarna 1 exposición Reprueban los flojos
Dicho sea de paso es uno de los mejores profesores de la facultad de derecho de la UNISON campus Hermosillo",BUENO,10.0,10.0,Derecho Civil III,10.0,22/Feb/2019
un cordial saludo SOY LIC BEATRIZ RIVERA JURAZ mi CORREO maestrabeatrizrjhotmailcom,BUENO,10.0,10.0,procesalpenal,10.0,29/Sep/2014
EXCELENTE MAESTRO MAESTRO DE RESPETO POR EL SOY LO QUE SOY TODA UNA LICENCIADA EN DERECHO,BUENO,10.0,6.0,FISCAL,10.0,15/May/2013
buen maestro,BUENO,10.0,6.0,civil III,9.5,02/Feb/2013
es facil si quieres cumplir y en verdad aprender excelente maestro que esta disponible para sus alumnos fuera de clase cuando necesitan ayuda,BUENO,10.0,6.0,civil I,10.0,07/Dic/2012
ES UN B UEN  MARSTRO,BUENO,10.0,10.0,DERECHO  PROCESAL,10.0,23/May/2012
bueno  positivo,BUENO,10.0,10.0,derecho  procesal,10.0,18/May/2012
EXCELENTE,BUENO,10.0,10.0,DERECHO CIVIL  UNO,10.0,12/May/2012
excelente maestro,BUENO,10.0,10.0,d.civil,10.0,20/Abr/2012
ES UN  BUEN  MAESTRO PERO HAY  ALUMNOS  IRRESPONSABLES Y  DE  MALA  FE QUE QUIEREN  NOMAS UNA BUENA CALIFICACION SIN  ESTUDIAR Y  SON  LOS  QUE HABLAN MAL  PERO PARA MI  ES EL  MEJOR  MAESTRO  QUE  HE TENIDO,BUENO,10.0,10.0,VARIAS MATERIASPROCESALES,10.0,22/Feb/2012
HOLAN  MAESTRO,BUENO,10.0,10.0,EN TODAS LA MQUE NDA,10.0,29/Dic/2011
ES  UN GRAN MAESTRO  PERO  EXIGENTE,BUENO,10.0,10.0,DERECHO CIVIL,10.0,29/Dic/2011
felicidades  maestro,BUENO,10.0,10.0,derecho  fiscal,10.0,28/Nov/2011
EXCELENTE SALUDO,BUENO,10.0,10.0,D.  FISCAL,10.0,07/Oct/2011
ESBUEN  MAESTRO  CON MUCHA  EXPERIENCIA EN LA  DOCENCIA Y ABOGACIA,BUENO,10.0,10.0,PROCESAL  CIVIL,10.0,07/Oct/2011
ES UN EXCELENTE  PROFESOR,BUENO,10.0,10.0,DERECHO  PROCESAL PENAL,10.0,06/Oct/2011
lo  recuerdo  con carino como  profesor como  aprendi,BUENO,10.0,10.0,int.  al    derecho,10.0,06/Oct/2011
muiy bueno,BUENO,10.0,10.0,int.al  derecho,10.0,06/Oct/2011
el  profesor juraz  pena es  un  profesor  que se  aprende mucho sabe dar la clase  pero  no  le gusta  que falten ni  que incumplan  con  las tareas,BUENO,10.0,10.0,derecho  administrativo,10.0,06/Oct/2011
excelente  profesor  saludos,BUENO,10.0,10.0,d.  civil,10.0,05/Oct/2011
ES  UN  EXCELENTE PROFESOR DE DERECHO  PROCESAL  Y  ADMINISTRATIVO  UN  SALUDO  A MI  PROFESOR,BUENO,10.0,10.0,DERECHO  PROCESAL  PENAL,10.0,05/Oct/2011
EXCELENTE  MAESTRO Y  ES MUY  CUMPLIDO  Y  EXIGENTE,BUENO,10.0,10.0,D. ADMINISTRATIVO,10.0,01/Oct/2011
que  bueno,BUENO,10.0,10.0,d. civil,10.0,30/Sep/2011
que  bueno,BUENO,10.0,10.0,d. civil,10.0,30/Sep/2011
ES UN BUEN  PROFESOR ES HOMBRE  ESTRICTO CUMPLIDO Y  EXIGENTE NUNCA FALTA Y  ENSENA MUY  BIEN,BUENO,10.0,10.0,DERECHO  PROCESAL  MERCANTIL,10.0,30/Sep/2011
ES  BUEN  PROFESOR PERO EXIGENTE,BUENO,10.0,10.0,DERECHO  ADMINISTRATIVO,10.0,29/Sep/2011
ES UN  BUEN  PROFESOR DE DERECHO  PROCESAL  PENAL  CIVIL Y MERCANTIL,BUENO,10.0,10.0,PROCESALES,10.0,29/Sep/2011
EL  PROFESOR JURAZ  PENA ES UN BUEN  PROFESOR CUMPLIDO EXIGENTE   Y  NUNCA  FALTA,BUENO,10.0,10.0,DERECHO  PROCESAL FISCAL,10.0,29/Sep/2011
EXCELENTE   PROFESOR  Y  EXIGENTE,BUENO,10.0,10.0,DERECHO  PROCESAL  PENBA,10.0,29/Sep/2011
es  cute mplidor  y exigen,BUENO,10.0,10.0,derecho  procesal  penal,10.0,28/Sep/2011
muy  bueno como  profesor y nunca falta pero  exige mucho,BUENO,10.0,10.0,derecho fiscal  y  ci8vi8l,10.0,27/Sep/2011
QUE BUEN   PROFESOR,BUENO,10.0,10.0,DERECHO  CIVIL,10.0,26/Sep/2011
saludos  a  mi  profesor  nicolas juiraz  pen a,BUENO,10.0,10.0,derecho  procesal,10.0,26/Sep/2011
SALUDOS A MI  PROFESOR,BUENO,10.0,10.0,D.CIVIL,10.0,25/Sep/2011
SALUDOS  PARA  EL  PROFESOR JURAZ  PENA ADELANTE  MAESTRO,BUENO,10.0,10.0,DERECHO  ADMINISTRATIVO,10.0,25/Sep/2011
ES EL  MAESTRO  QUE  EXIGE MAS ASISTENCIA  TAREAS  PARTICIPACION YO  CREO QUE  PORQUE ES MAS CUMPLIDO DE TODOS Y  ES EL QUE ENSENA MEJOR YO  LLEVE VARIAS MATERIAS  CON EL Y  APRENDI  MUCHO SIEMPRE ESTA DISPUESTO  A AYUDARTE,BUENO,10.0,10.0,LOS DERECHOS CIVILES,10.0,24/Sep/2011
MUY  RESPONSABLE Y  SIEMPRE  ESTA  DISPUESTO  A  AYUDAR  A  SUS  ALUMNOS CUMPLIDOS,BUENO,10.0,10.0,DERECHO  CIVIL,10.0,23/Sep/2011
HABLAR  DE  JURAZ PENA COMO  PROFESOR  ES UN  FENOMENO EN  EL MUNDO  JURIDICO  SABE  MUCHO   ADEMAS  SE  PRESTA  PARA ASESORAR  A  SUS  ALUMNOS  SIN  IMPORTAR  LA  HORA  SIEMPRE  SE  ENCUENTRA  DISPUESTO A  AYUDAR  COMO  PROFESOR  ES  LOL  MAXIMO,BUENO,10.0,10.0,"DERECHO  PROCESALES, MERCANTIL,  FISCAL    ESTC.",10.0,23/Sep/2011
ES  BUEN  MAESTRO,BUENO,10.0,10.0,DERECHO  PROCESAL,10.0,22/Sep/2011
ES UN  EXCELENTE  PROFESOR Y DA  MUCHOS  CONSEJOS,BUENO,10.0,10.0,DERECHO  CIVIL,10.0,21/Sep/2011
COMO  PROFESOR MUY  BUENO  COMO ABOGADO NOS  PROPORCIONA  MUCHAS  ANECDOTAS  Y  SIEMPRE  ESTA  DISPUESTO  A  AYUDARNOS EN  ALGUN PROBLEMA,BUENO,10.0,10.0,DERECHOS   PROCESALES   CIVILES  Y  PENALES,10.0,21/Sep/2011
ES  UN EXCELENTE  PROFESOR MUY CUMPLIDO,BUENO,10.0,10.0,DERECHO  FISCAL,10.0,19/Sep/2011
que  buen  maestro,BUENO,10.0,10.0,derecho  mercantil,10.0,17/Sep/2011
es  bieno,BUENO,10.0,10.0,d  civil,10.0,16/Sep/2011
esun  excelente  profesor  de  algunas  materias  yo  lleve tres materias  con  el  siento  que  aprendi  mucho  pero  nos  hace  trabajar  mucho,BUENO,10.0,10.0,"derecho  civil,  derecho  fiscal  y  mercantil",10.0,15/Sep/2011
es  bueno aprendes mucho,BUENO,10.0,10.0,derecho  fiscal,10.0,14/Sep/2011
ES  BUENISIMO  Y  EXPLICA MUY  BIEN  PERO  DEJA  MUCHA  TAREAS,BUENO,10.0,10.0,DERECHO  FISCAL,10.0,14/Sep/2011
ES BUEN  PROFESOR MUY CUMPLIDO  Y  EXIGENTE,BUENO,10.0,10.0,DERECHO  MERCANTIL Y  PROCESAL  MERCANTIL,10.0,14/Sep/2011
SE PUEDE HABLAR MUCHO  DEL  EXCELENTE  PROFESOR  JURAZ  PENA YO  LLEVE SEIS  CLASES CON  EL  SI  ES CIERTO  DEJA TAREAS  PERO  TAMBIEN ENSENA Y  MUCHO MUY  BIEN  LO  QUE  PASA QUE LOS QUE HABLAN  MAL  SON UNO  FLOJOS  QUE  NO QUIEREN TRABAJAR  SOLO  ESPERAN  A  UN  MAESTRO BARCO PARA PASAR LA  MATERIA  EL  MAESTRO  JURAZ  ODIA A LOS ALUMNOS FLOJOS MAS SI  SON BARBEROS,BUENO,10.0,10.0,DERECHO  CIVILES  Y MERCANTILES,10.0,13/Sep/2011
ES UN BUEN MAESTRO,BUENO,10.0,10.0,DERECHO  MERCANTIL,10.0,13/Sep/2011
"ES  EX CELENTE  PROFESOR Y  AYUDA MUCHO 
SIEMPRE ESTA DISPUESTO  ASESORAR",BUENO,10.0,10.0,DERECHO  MERCANTIL,10.0,12/Sep/2011
ES  UNICO  ES  UN GRAN  PROFESOR  SE  APRENDE  PERO   HAY  QUE  TRABAJAR  Y  CUMPLIR  CON LA ASISTENCIA  TAREAS Y   PARTICIPACION,BUENO,10.0,10.0,DERECHO  ADMINISTRATIVO Y  FISCAL,10.0,11/Sep/2011
EL  MAESTRO JURAZ  ES MUY  INTELIGEN  PARA  ENSENAR Y CONOCE MUY  BIEN SU  MATERIA  SE  AORENDE MUCHO  CON  EL,BUENO,10.0,10.0,DERECHO  CIVIL,10.0,10/Sep/2011
EXCELENTE RESPONSABLE EXIGENTE  UNICO CONOCE  SU  MATERIA  SE  APRENDE   DEJA  TAREAS  NOS  EXHORTA  A  ESTUDIAR Y  A  INVESTIGAR,BUENO,10.0,10.0,DERECHO  FISCAL  Y  PROCESAL  FISCAL,10.0,10/Sep/2011
EL  MAESTRO  JURAZ ES UNICO COMO PROFESOR  DE DERECHO  ES UN  PROFESOR  QUE SE PREOCUPA  POR EL ALUMNO  ES  UN  PROFESOR  QUE ENSENA ES UN PROFESOR  QUE  CUMPLE COMO MAESTRO ES  UN PROFESOR  QUE  SIEMPRE ESTA DISPUESTO  A ASESORAR Y  DE AYUDAR  AL ALUMNO,BUENO,10.0,10.0,"DERECHOS  PROCESALES, COMO  PENAL  CIVIL Y MERCANTIL",10.0,09/Sep/2011
ES  BUEN PERO  DEJA TAREAS Y  NUNCA FALTA SE APRENDE MUCHO  CON EL  PERO  DEBE DE DARNOS ALGUNOS DIAS DE DESCANSO,BUENO,10.0,10.0,DERECHO  PROCESAL  ADMINISTRATIVO,10.0,09/Sep/2011
EXCELENTE MAESTRO PERO  DEJA  MUCHA TAREAS,BUENO,10.0,10.0,D.  CIVIL,10.0,09/Sep/2011
ES  MUY  BUENO  COMO  MAESTRO  MUY  RESPONSABLE  Y  CUMPLIDO  SE  APRENDE MUCHO,BUENO,10.0,10.0,"DERECHO  CIVIL UNO, DOS, TRES   Y  CUATRO",10.0,08/Sep/2011
bueno,BUENO,10.0,10.0,d.  civil,10.0,08/Sep/2011
YO  LLEV E SIETE CLASES CON EL PROFESOR JURAZ PENA Y  EN TODAS DEMOSTRO  CAPACIDA HONESTIDAD RESPONSABILIDAD RESPETO  PARA  EL ALUMNO Y EXAGERADAMENTE CUMPLIDO   ES DECIR TOMA SU  PAPEL MUY EN SERIO Y  QUIERE QUE EL ALUMNO  SEA COMO EL PERO  NOSOTROS  COMO  ALUMNOS  SOMOS FLOJOS  HASTA QUE SALIMOS NOS DAMOS  CUENTA QUE EL  MAESTRO  SIEMPORE TUVO  LA RAZON SIGA MAESTRO COMO  ES,BUENO,10.0,10.0,"INT. AL ESTUDIO  DE DERECHO , D. CIVILES ENTRE OTRAS",10.0,08/Sep/2011
ES  BUEN  PROFESOR Y  MUY  EXIGENTE  NUNCA FALTA CUMPLE MUY  BIEN  CON  SU  PAPEL  DE PROFESOR,BUENO,10.0,10.0,DERECHO  PROCESAL,10.0,07/Sep/2011
ES  EXCELENTE  MAESTRO,BUENO,10.0,10.0,DERECHO  CIVIL,10.0,06/Sep/2011
EXCELENTE  PROFESOR CON  MUCHA  EXPERIENCIA,BUENO,10.0,10.0,DERECHO  CIVIL,10.0,06/Sep/2011
NUNCA HE TENIDO UN MAESTRO  COMO  JURAZ  PENA SE LA SABE DE TODAS TODAS DA  MUCHOS  EJEMPLOS PRACTICOS  QUE  NOS SIRVEN  EN  LA VIDA  JURIDICA  LO  QUE LE PREGUNTE TE RESPONDE SABE MUCHO Y ES UN  BUEN  MAESTRO  Y SIEMPRE ESTA DISPUESTO  A AYUDARTE,BUENO,10.0,10.0,"DERECHO  PROICESALES,  CIVIL,  MERCANTIL Y PENAL",10.0,06/Sep/2011
hace trabajar  mucho  pero  es  buen  profesor,BUENO,10.0,10.0,derecho  civil,10.0,05/Sep/2011
es un  buen  maestro,BUENO,10.0,10.0,"derecho  civil ,  contratos",10.0,05/Sep/2011
ES  UN  EXCELENTE MAESTRO  PERO  DEJA MUCHAS TAREAS  Y  NUNCA FALTA,BUENO,10.0,10.0,DERECHO   ADMINISTRATIVO,10.0,04/Sep/2011
ES  UN  PROFESOR QUE  NO  LE GUSTAN  LOS  ALUMNOS  IRRESPONSABLES Y  FLOJOS  ES UN EXCELENTE  PROFESOR PARA  EL  ALUMNO CUMPLIDO  SE  APRENDE  MUCHO CON  EL  SI  ERES  CUMPLIDO,BUENO,10.0,10.0,DERECHO  PROCESAL  PENAL,10.0,03/Sep/2011
EXCELENTE MAESTRO   SE APRENDE SI TRABAJAS Y CUMPLES  EN  SU  CLASE,BUENO,10.0,10.0,PROCESALES CIVILES  Y  MERCANTILES,10.0,02/Sep/2011
SOLO CON EL PROFESOR JURAZ HE APRENDIDO,BUENO,10.0,10.0,PROCESAL CIVIL,10.0,02/Sep/2011
que buen profesor,BUENO,10.0,10.0,filosofia,10.0,01/Sep/2011
ES  UN  MAESTRO RESPONSABLE Y ESTRICTO  SE  APRENDE MUCHO  CON  EL  PROFESOR JURAZ  PENA,BUENO,10.0,10.0,PROCEDIMIENTO  FISCAL,10.0,01/Sep/2011
ES  UN  BUEN  PROFESOR  RESPONSABLE  SABEDOR   DE SU  LABOR,BUENO,10.0,10.0,DERECHO  FISCAL,10.0,31/Ago/2011
que  profesor se aprende mucho  con el profesor juraz,BUENO,10.0,10.0,derecho  administrativo,10.0,31/Ago/2011
ES  UN  MAESTRO MUY  CUMPLIDO  PERO  A  VECES  EXAGERA  NUNCA  FALTA ES  MUY  ESTRICTO  PERO  APRENDES  MUCHO  PERO  HAY  QUE CUMPLIR  Y  NO  FALTAR  A  SUS  CLASES,BUENO,10.0,10.0,DERECHOS  PROCESALES MERCANTIL  Y  PENAL,10.0,30/Ago/2011
ES UN PROFESOR  QUE  SABE  LO  QUE ENSENA,BUENO,10.0,10.0,D.  MERCANTIL,10.0,29/Ago/2011
MUY  BUEN  PROFESOR  LO  QUEREMOS  MUCHO,BUENO,10.0,10.0,INT.  AL  DERECHO,10.0,29/Ago/2011
muy  bueno,BUENO,10.0,10.0,derecho  civil,10.0,28/Ago/2011
excelente maestro se aprende mucho con  el profesor  juraz  pena,BUENO,10.0,10.0,procesal  penal,10.0,28/Ago/2011
excedente maestro  pero  deja mucha tareas,BUENO,10.0,10.0,filosofia juridica,10.0,25/Ago/2011
MUY  BUENO,BUENO,10.0,10.0,D.C.,10.0,23/Ago/2011
ES  MUY  EXIGENTEPERO  MUY  BUEN  MAESTRO,BUENO,10.0,10.0,DERECHO  ADMINISTRATIVO,10.0,22/Ago/2011
ES  UN BUEN PROFESOR SE APRENDE Y NO FALTA A CLASES ES MUY ESTRICTO,BUENO,10.0,10.0,T. FORMAS  AUTOCOMP DE RESOL.  DE CONFLICTOS,10.0,21/Ago/2011
ES  UN  PROFESOR  ACEPTABLE  POR  TODOS  YO HE  APRENDIDO  MUCHO CON  EL,BUENO,10.0,10.0,DERECHO   PROCESAL,10.0,21/Ago/2011
ES  UN  EXCELENTE  PROFESOR PERO  EXAGERA  EN LA RESPONSABILIDAD ES MUY  ESTRICTO  Y  DEJA MUCHA TAREAS  PERO  SE APRENDE MUCHO  Y  YA  LO RECOMIENDO  SI  QUIERERS ESTUDIAR Y  APRENDER LLEVA CLASES CON EL PROFESOR  JURAZ  PENA,BUENO,10.0,10.0,D.  PROCESAL CIVIL  Y  MERCANTIL,10.0,21/Ago/2011
ES BUEN  PROFESOR SON LOS  ALUMNOS  QUE  NO QUIEREN  CUMPLIR SON  FLOJOS,BUENO,10.0,10.0,DERECHO  FISCAL,10.0,20/Ago/2011
ES BUEN  PROFESOR SON LOS  ALUMNOS  QUE  NO QUIEREN  CUMPLIR SON  FLOJOS,BUENO,10.0,10.0,DERECHO  FISCAL,10.0,20/Ago/2011
ES  BUEN MAESTRO SE APRENDE PERO DEBES HACER TAREAS,BUENO,10.0,10.0,D. ADMINISTRATIVO,10.0,19/Ago/2011
ES  UN  EXCEDENTE  MAESTRO  BUSCA  SIEMPRE MEJORES   METODOS  DE  ENSENANZA  YO  APRENDI  MUCHO,BUENO,10.0,10.0,DERECHO  FISCAL,10.0,18/Ago/2011
excedente  maestro  se  aprende,BUENO,10.0,10.0,d.fiscal,10.0,18/Ago/2011
EL MEJOR,BUENO,10.0,10.0,"D,CIVIL",10.0,17/Ago/2011
ES  BUEN PROFESOR Y  LO  RECOMIENDO,BUENO,10.0,10.0,D.FISCAL,10.0,17/Ago/2011
MUY  BUENO  ENSENA  MUCHO,BUENO,10.0,10.0,D. FISCAL  Y  PROCESAL,10.0,16/Ago/2011
ES  UN  PROFESOR RESPONSABLE  HONESTO   CON  MUCHA  EXPERIENCIA QUE  APRENDES MUCHO  CON  EL,BUENO,10.0,10.0,"DERECHO  PROCESALES COMO  CIVIL, FISCAL ...",10.0,16/Ago/2011
MUY  BUENO Y  ENSENA MUCHO,BUENO,10.0,10.0,D.  CIVIL,10.0,15/Ago/2011
muy   bueno,BUENO,10.0,10.0,d.civil  uno,10.0,15/Ago/2011
LOS  FLOJOS E  IRRESPONSABLES  LE  SACAN  LA  VUELTA  AL  MAESTRO,BUENO,10.0,10.0,DERECHO  CIVIL,10.0,15/Ago/2011
CONSIDERO  QUE  ES UN GRAN  MAESTRO  PERO  QUE  NO  DEJE MUCHAS TAREAS,BUENO,10.0,10.0,D.  PROCESAL  MERCANTIL,10.0,15/Ago/2011
BUEN  MAESTRO  DEJA  MUCHA  TAREAS  PERO  ESO  ES  BUENO  PORQUE  SE  APRENDE MAS,BUENO,10.0,10.0,DERECHO  PROCESAL MERCANTIL,10.0,15/Ago/2011
SI  ES  BUENO  EN  LAS  MATERIAS  QUE  IMPARTE  Y  SE APRENDE,BUENO,10.0,10.0,D.  PROCESALES,10.0,14/Ago/2011
ES BUENO Y  SE  APRENDE PERO  DEJA  TAREAS,BUENO,10.0,10.0,DERECHO  ADMINISTRATIVO,10.0,13/Ago/2011
muy  bueno   como  profesor  pero  deja  mucha  tarea,BUENO,10.0,10.0,derecho  fiscal,10.0,13/Ago/2011
Lo recomiuendo  para  los  que  quieren  estudiar y aprender,BUENO,10.0,10.0,derecho  fiscal,10.0,13/Ago/2011
ES  UNO  DE  LOS  MEJORES  PROFESORES Y  QUE  PROCUPA  POR  LOS ALUMNOS  PORQUE  LES  AYUDA HASTA ECONOMICAMENTE,BUENO,10.0,10.0,INT.  EST.  DE  DERECHO,10.0,12/Ago/2011
buen profesor,BUENO,10.0,10.0,derecho  civil,10.0,11/Ago/2011
muy bien  es  un  gran  maestro,BUENO,10.0,10.0,int. al  est.  de  derecho,10.0,10/Ago/2011
he  llevado  ocho  materias  con  el  maestro  juraz y  toda  una generacion  llevo  clases con  el  nos  enojabamos porque  dejaba  mucha  tareas  pero  siempre  nos  insbiamos  con el  es  bueno  pero  que  no  dejetantas  tareas,BUENO,10.0,10.0,"derechos,civiles, mercantilesetc..",10.0,09/Ago/2011
es muy  buen profesor  con  mucha  experiencia  de asuntos  judiciales  yo  aprendi  mucho  con  el,BUENO,10.0,10.0,derecho  fiscal  y  procesal,10.0,09/Ago/2011
ES  UNO  DE  LOS MEJORES MAESTRO  ENSENA MUY  BIEN Y  AYUDA  MUCHO A SUS ALUMNOS,BUENO,10.0,10.0,DERECHO  ADMINISTRATIVO,10.0,09/Ago/2011
gran  maestro  grscias  profesor  por sus consejo,BUENO,10.0,10.0,int. al  est.  de  derecho,10.0,08/Ago/2011
QUE  BUEN  PROFESOR ES JURAZ PENA  LO ESTIMO MUCHO  PORQUE SE PREOCUPA POR SUS ALUMNOS   Y ENSENA BIEN,BUENO,10.0,10.0,D. FISCAL,10.0,08/Ago/2011
yo  lo  califico  que es buen  maestro porque es un maestro  responsable estricto ensena y  deja mucha tareas  aprendi  mucho con  el,BUENO,10.0,10.0,"derecho  civil, fiscal  merc. y procesales",10.0,08/Ago/2011
muy  buen  profesor  exigente y  deja muchas  tareas  aprendes  mucho,BUENO,10.0,10.0,derecho  mercantil  y  fiscal,10.0,07/Ago/2011
por  este  medio  le hago llegar  un saludo  efectuoso  al  maestro juraz  peña  y  agradecerle  lo mucho que  aprendi  de  él en distintas clases  que me toco  llevar  para  es muy  buen  maestro,BUENO,10.0,10.0,"civil,  mercantil  y fiscal",10.0,07/Ago/2011
juraz  pena es un buen maestro pero  deja  muchas tareas  y nunca falta,BUENO,10.0,10.0,int. al est.  de derecho,10.0,06/Ago/2011
El  maestro  juraz   es  muy  responsable y  sabe  cumplir  con  sus alumnos  considero   que es muy buena persona  como  maestro sabe comprender a sus alumnos y  los hace  que aprendan mucho,BUENO,10.0,10.0,derecho   fiscal  y  administratrivo,10.0,06/Ago/2011
EL MAESTRO  JURAZ  PENA  ES BUENO,BUENO,10.0,10.0,INT. AL  DERECHO,10.0,05/Ago/2011
CALIFICAR  A UN PROFESOR ES DEFICIL LO QUE PUEDO DECIR  DEL  MAESTRO JURAZ  QUE SE APRENDE MUCHO  MUY  HONESTO MUY  RESPONSABLE  Y NUNCA FALTA  ESPERO  QUE SIGA  IGUAL,BUENO,10.0,10.0,PROCESAL  PENAL,10.0,05/Ago/2011
El  maestro juraz  es  bien  profesor yo  aprendi  mucho  con  el  maestro juraz porque sabe de todo,BUENO,10.0,10.0,dercho  civil  y  mercantil,10.0,05/Ago/2011
para  mi  es el mejor  maestro  de derecho  pero  deja  mucha tarea  y  nunca falta,BUENO,10.0,10.0,derecho  fiscal  y  procesal,10.0,04/Ago/2011
UN GRAN MAESTRO  SOLO  PIENSA EN  SUPERARSE PARA SER MAS EFICAZ  TIENE MUCHO  ESTUDIO  Y POSEE MUCHA EXPERIENCIA COMO  ABOGADO  Y  PROFFESOR,BUENO,10.0,10.0,INT.  AL EST.  DE DERECHO Y D. CIVIL,10.0,04/Ago/2011
EL MAESTRO  JURAZ  PENA ENSENA MUY  BIEN  Y SE  PREOCUPA MUCHO POR  SUS  ALUMNOS  YO  APRENDI  MUCHO EN LAS SEIS  MATERIS  QUE LLEVE  CON  EL  ES  UNO  DE  LOS  MEJORES  MAESTRO  DE  DERECHO QUE  HAY,BUENO,10.0,10.0,DERECHO  CIVIL  MERCANTIL...,10.0,03/Ago/2011
Quiero  mucho al maestro juraz  pena  y lo recomiendo mucho  si  quieres  aprender  inscribete  con el,BUENO,10.0,10.0,filosofia  juridica  e  int. al  est. del  derecho,10.0,03/Ago/2011
SE  HABLA  MUCHO  DEL  PROFESOR  JURAZ PARA  MI  FUE  MUY  BUEN  MAESTRO  APRENDI  MUCHO  DE  EL POSEE  MUCHA  EXPERIENCIA,BUENO,10.0,10.0,DERECHO  CIVIL,10.0,03/Ago/2011
ES  BUEN MAESTRO Y  ESTRICTO,BUENO,10.0,10.0,DERECHO  PROCESAL  CIVIL  Y  MERCANTIL,10.0,03/Ago/2011
MUY BUEN PROFESOR,BUENO,10.0,10.0,D.  FISCAL,10.0,03/Ago/2011
ENSENA MUY BIEN Y  SE APRENDE MUCHO CON EL MAESTRO  JURAZ,BUENO,10.0,10.0,DERECHO  CIVIL,10.0,02/Ago/2011
ES  UNO  DE  LOS  MAESTRO  MAS  CUMPLIDO  Y  HONESTO DEL DEPARTAMENTO DERECHO  EN  LO  PERSONAL  HE  APRENDIDO  MUCHO  CON  EL MAESTRO  JURAZ  PENA,BUENO,10.0,10.0,DERECHO  CIVIL,10.0,02/Ago/2011
QUIERO  AGRADECER  AL  MAESTRO  JURAZ  PENA  POR SUS CONSEJOS  POR TODO LO  QUE  SE  PREOCUPA  POR  SUS  ALUMNOS PARA  QUE  SEAMOS  MEJORES  PROFESIONALES  LASTIMA QUE ALGUNOS  IRRESPONSABLES  NO  LO VEN  ASI  MAESTRO  NO  CAMBIE  ES USTED UNO  DE  LOS  MEJORES MAESTRO,BUENO,10.0,10.0,DERECHO  ADMINISTRATIVO  Y FISCAL,10.0,02/Ago/2011
RECOMIENDO  AL  MAESTRO  JURAZ  PENA  COMO  GRAN   MAESTRO DEL  DEPARTAMENTO  DE  DERECHO DE  LA  UNISON,BUENO,10.0,10.0,FILOSOFIA  JURIDICA,10.0,01/Ago/2011
es  un  maestro   exigente  pero  aprendes  mucho  porque  es  muy  buen  maestro  te  lo  recomiendo  si  quieres  aprender,BUENO,10.0,10.0,derecho  procesal  civil,10.0,31/Jul/2011
se  aprende  mucho  con el maestro  juraz  pena,BUENO,10.0,10.0,procesal  penal,8.5,30/Jul/2011
CON  EL MAESTRO  JURAZ  PENA  SE  APRENDE  MUCHO  EL  QUE  QUIERE APRENDER QUE  SE  INSCRIBA CON  EL  ES EL  MEJOR  MAESTRO  QUE  HE TENIDO   GRACIAS   MAESTRO  POR  SER  TAN BUENO Y  POR  PREOCUPARSE  POR  SUS  ALUMNOS  LO RECOMIENDO AMPLIAMENTE COMO  MAESTRO Y  COMO  ABOGADO,BUENO,10.0,10.0,"DERECHO  PROCESAL  CIVIL,  MERCANTIL, FISCAL Y ADMINIST",10.0,30/Jul/2011
se aprende mucho  con  el  maestro  juraz  pena cuando  se es alumno  responsable y cumplido con  la  clase  es el  mejor  maestro en todos los aspectos responsable estricto y  explica muy  bien,BUENO,10.0,10.0,"derecho fiscal, civil  y  procesal  civil",10.0,29/Jul/2011
En clases en línea siempre estuvo al 100 explicando si participas y haces los ejercicios es nota alta segura puesto que sube puntos y los exámenes son muy similares a los problemas de clase,BUENO,10.0,10.0,Ecuaciones Diferenciales,10.0,18/Dic/2021
Lo llevé en presencial y luego intento fallido en linea Explica muy bien pero los exámenes son muy pocos y lo más probable es que repruebes Francamente no vale tu tiempo el llevar la materia con él ya que afectará tu salud mental,BUENO,8.0,2.0,Calculo 2,7.0,28/May/2022
Sufrí mucho con el profe siento que no explica tan claro como otros profes pero enseña muchas cosas Reprueba mucho tienes que exigirte bastante a ti mismo si quieres tener un buen promedio,REGULAR,4.0,4.0,Matemáticas,8.5,10/May/2020
es un profe con el cual le sufriras y probablemente repruebes pero es un gran profesor y es con quien mas he aprendido,BUENO,7.0,6.0,Calculo,24.0,24/Oct/2019
Es un drogadicto y acepta sobornos de los reprobados,MALO,2.0,2.0,Análisis y diseño de sistemas,10.0,18/May/2018
"Lleven Cheves y Pasan 
Eso es todo",MALO,2.0,10.0,Diseño de Experimentos,10.0,19/Abr/2016
Cervantes realmente te presiona a trabajar y te da opiniones muy sinceras sobre tus trabajos si tu trabajo está del asco te lo hace saber Algunos se enojan pero te ayuda mucho a ver lo que hiciste mal y aprender de ello además correlaciona todo con clínica y otras materias No contesta dudas,BUENO,7.0,6.0,Histología,9.0,24/May/2023
Todo bien,BUENO,7.0,4.0,Histologia,7.5,29/Oct/2022
Es un excelente maestro Su clase al principio es muy difícil y tediosa porque debes leer muchísimo pero con el tiempo te acostumbras Al final de cada sesión siempre relaciona el tema con lo más importante y con patologías,BUENO,10.0,2.0,Histología,8.5,30/Dic/2017
La clase tiene un ritmo batante rápido es cuestión de saber estudiar Aprende el que quiere porque a fin de cuentas se hacen el paro en la clase así que siempre estudia Pone un examencito cada semana Hay que estudiar todo para el examen parcial Si promedio es 70 es obligatorio hacerel final,BUENO,7.0,2.0,Histología,9.0,08/Ago/2017
Un gran maestro tardas un poco en acostumbrarte a su ritmo pero vale la pena,BUENO,10.0,6.0,Histología,8.5,04/Feb/2014
"En linea 
No da retroalimentación de exámenes y las tareas se hacen leyendo los capítulos de Bird
Pasa los apuntes unos días antes del examen y no se puede grabar clase 

Lo bueno es que no se pone estricto en las calificaciones finales",BUENO,7.0,4.0,Fenómenos de transporte,8.0,16/Dic/2020
La mejor clase que he tenido López Soto es increíble para explicar literal solo ocupas tus apuntes y un poquito de unas presentaciones que deja y con eso la armas Sus exámenes son difíciles pero justos en Bioquímica sí estarán bien pesados Es muy divertido aún que repite chistes de más,BUENO,10.0,4.0,Fisiología Celular,9.0,24/May/2023
es muy buen docente y persona cualquier duda que tengas te la resuelve aun si es la quinta vez que preguntas Trata de explicar conceptos con situaciones divertidas,BUENO,10.0,6.0,Fisiologia Celular,7.5,08/Ene/2023
Explica muy bien te responde dudas del dia 1 aunque sea el ultimo dia pero reprueba mas de la mitad de la generación,BUENO,9.0,4.0,Bioquímica medica,6.0,14/Ene/2022
Si son autodidactas no cometan el error de agarrar con el ya que te afectara y buscara que repruebes de alguna forma aunque al principio no lo parezca,REGULAR,6.0,2.0,Bioquimica,7.0,28/May/2020
Excelente conocedor A veces se pone flojo y como que no quiere explicar así que siempre lee y si no entiendes algo pregunta sólo que sí vea interés en ti Estudia con bastante tiempo de anticipación Pequeño tip mi generación y la pasada no puso la integración metabólica en 2ºP 1Parc es  difcil,BUENO,9.0,4.0,Bioquímica II,8.0,08/Ago/2017
Es un excelente docente Explica de forma muy clara y es muy paciente Siempre responde las dudas de los alumnos e incluso da asesorias extra al grupo dias antes del examen,BUENO,10.0,10.0,Bioquimica I,8.0,29/Dic/2016
M buen profr siempre dispuesto a ayudar muy paciente Estudia con tiempo para sus exámenes 15 días por lo menos para que estudies bien y te aprendas las cosas al chasquido de los dedos así  no importa lo difícil que sea el examen o cuanto tiempo tengas para contestarlo 50 min aprobarás,BUENO,10.0,4.0,Bioquímica I,8.5,28/Dic/2016
"Es muy buen maestro le puedes preguntar algo mil veces y no se enoja y te lo vuelve a repetir con paciencia
Es muy buena onda pero muy estricto a la hr de evaluar
Sus examenes impasables  reprueba a la mitad del grupo efectivamente En bq 1 no hay problema pero en bq2 más de 30 personas repiten la materia",BUENO,9.0,2.0,Bioquimica I y II,9.5,26/Ago/2015
BYE CON SU MODO DE CALIFICAR,REGULAR,6.0,2.0,BIOQUIMICA,6.5,24/Ago/2015
Es guapo,BUENO,7.0,4.0,Bioquímica II,7.5,25/Ago/2014
Los que se quejan es porque quieren una calificacion regalada,BUENO,10.0,6.0,Bioquimica,7.0,04/Feb/2014
No es ético para calificar si le caes bien te va bien si no te reprueba,REGULAR,4.0,4.0,Bioquimica,1.5,21/Feb/2013
Que gran profesor Esta súper curada su clase jamás pensé que aprendería tanto sobre Francia en solo 6 meses Neta se los juro Este profe es un crack y el que diga que no es porque aún no ha llevado su clase 1010 el profe y la clase TQM Olivier,BUENO,10.0,4.0,Francés 1,8.0,02/Jun/2023
Es super buen profe Te ayuda mucho si ve que andas bajo en promedio y aparte aprendimos un chingo en su curso,BUENO,10.0,4.0,Frances IV,9.5,05/Feb/2023
Es un excelente maestro siempre te motiva a participar hasta cuando uno se equivoca nunca lo desanima Tiene verdadera vocación La persona que pudiera decir algo negativo de él sería por envidia Lo queremos mucho profesor,BUENO,10.0,10.0,Francés 1,10.0,01/Feb/2023
Tomaría su clase otra vez de hecho el próximo curso buscaré tomarlo con él ya que su método de enseñanza hace parecer todo muy sencillo Lo recomiendo  para todo aquel que quiera aprender francés,BUENO,10.0,10.0,Francés I,9.0,08/Dic/2022
El mejor maestro del mundo experto en el tema que nos enseña con herramientas excepcionales y ni hablar de su calidad de persona Si se quieren enamorar del idioma frances tomen clase con el si o si,BUENO,10.0,10.0,Frances,8.5,08/Dic/2022
Trata de siempre inscribir el curso de Francés con él ya que si no lo haces te estarás perdiendo una gran oportunidad para aprender este idioma a la perfección,BUENO,10.0,6.0,Francés 2,10.0,09/May/2022
Que gran maestro es un superhéroe es un ídolo por favor metan la clase de Francés con él el ser profesor nativo ya te da una gran ventaja para aprender mucho y aunque como ya lo dije es maestro nativo habla muy bien español TQM Profe,BUENO,10.0,6.0,Frances Intermedio,9.0,25/Feb/2022
Es el mejor maestro  de Francés de la universidad muy educado respetuoso y domina su clase perfecto,BUENO,10.0,10.0,F6,8.5,02/Feb/2022
Es el mejor maestro de francés de la Universidad de Sonora Es muy atento y respetuoso Me sorprende que tiene respuesta para lo que le preguntes aún si no está relacionado estrechamente con el idioma 100 recomendado,BUENO,10.0,8.0,Francés 5,9.0,14/Dic/2021
La  verdad el mejor maestro de Francés que hay en la Uni te explica todo super bien te motiva a participar y cualquier duda que tengas te la resuelve postdata tiene un hermano que también es bien shido,BUENO,10.0,4.0,Frances 8,8.5,29/Nov/2021
Super lindo profeeee jamás había tenido un maestro de nacionalidad francesa y aporta mucho a la clase Si llegas a tener su clase porfa aprovechalo es super chido,BUENO,10.0,4.0,frances 1,8.0,02/Oct/2021
Un gran maestro que te deja una gran experiencia después de tener su clase sabe muchísimo de los temas sus comentarios enriquecen la clase y también es súper buena onda 100 recomendable,BUENO,10.0,6.0,Francés 4,7.5,19/Sep/2021
Aprovecha por completo la hora de clase incluso en línea sus laboratorios son muy entendibles Es bastante preciso con las cosas que quiere en los reportes de laboratorio Exámenes cada semana y los puntajes se obtienen de inmediato gracias a la plataforma,BUENO,10.0,8.0,Química General e Inorgánica,9.5,27/May/2021
Muy buen maestro excelente clase a veces iba un poco rapido porque no deja de hablar desde que llega hasta que se va pero es muy activo en la retroalimentación y no te quedan dudas Exámenes hechos en computadoras en plataformas sencillas,BUENO,10.0,8.0,Química Orgánica,9.5,20/Ago/2020
De los mejores maestros de la carrera es imposible el no pasar con él además de que se preocupa mucho porque el estudiante aprenda Aprendes mucho y su forma de explicar es de la mejor SIEMPRE agarren clases con él,BUENO,9.0,8.0,Transferencia de Masa,10.0,28/May/2022
De los mejores maestros de la carrera se nota que le apasiona la docencia y le importan sus estudiantes larga vida a Martin,BUENO,10.0,10.0,Ingeniería de reactores,8.0,12/Ene/2021
"Tomé el curso en linea
Explica todo muy bien te pasa los apuntes de clase al final de la clase y muy buena retroalimentación después de los exámenes",BUENO,10.0,6.0,Cinética química,9.0,16/Dic/2020
No tiene el mejor modo con los alumnos puede parecer grosera Sus diseños son un poco anticuados pero sí enseña software,BUENO,7.0,4.0,Multimedia o radio,8.0,25/May/2020
En modalidad virtual no tuvimos exámenes solo un trabajo final que era compilatorio de todos los trabajos del semestre pero pocas veces era clara con las tareas y no siempre te decía si hacías bien las cosas,REGULAR,6.0,8.0,Estrategias para aprender a aprender,10.0,14/Dic/2021
Es muy linda y explica bien,BUENO,9.0,10.0,Orga,10.0,25/May/2020
Sabe muucho es muy inteligente,BUENO,9.0,8.0,Política  y Espacios comunitarios,9.0,25/May/2020
La clase es aburrida Pueden hacer tareas del Dr Vzla en su clase no pasa nada jeje Estudien bien el material para el examen porque de allí saca 5 preguntas y es algo picky con las respuestas Al final deja un trabajo final pero es fácil Toma lista Es un 100 fácil,REGULAR,5.0,8.0,Metodología de la Investigación I,10.0,08/Ago/2017
Excelente maestro,BUENO,10.0,10.0,Análisis Matemático,10.0,04/Nov/2015
Calififca los exámenes como le da la gana y no se aprende mucho en su clase Tienes que estudiar muy por tu parte si deseas aprender,REGULAR,4.0,4.0,Embriología,9.0,26/Oct/2022
Extrañamos a Dres comprometidos y que Sepan enseñar,MALO,3.0,2.0,Embriología,8.5,13/Ene/2022
terrible maestra,REGULAR,4.0,4.0,Ingles tecnico,8.0,09/Ene/2021
Que asco lo peor de toda la unison lo malo es que es la maestra comodin da muchas clases pero no enseña NADA,MALO,2.0,2.0,Farmacología,9.5,17/Dic/2020
Clase mediocre sistema muy anticuado practicamente no aprendes Al final es muy subjetiva con la calificación,MALO,3.0,6.0,Farmacologia,9.0,16/Jul/2020
Se tomo un mes para dar  clase de los dos primeros capítulos del libro pienso que ese mes fue perdida de tiempo Es mucho material para un semestre divide en equipos y cada equipo hace un resumen de un grupo de fármacos que ella asigna No aprendes mucho en realidad Es la única que da la materia,REGULAR,5.0,8.0,Farmacología I,9.0,22/Feb/2020
de los mejores profesores de industrial,BUENO,9.0,8.0,Cultura emprenderora,10.0,24/Oct/2019
Excelente maestra muy pendiente sobre dudas y comentarios tanto como presencial y online la recomiendo mucho,BUENO,10.0,8.0,Probabilidad y estadísticas,6.5,12/Abr/2021
"Es de las mejores profesoras de probabilidad y estadística 
Literalmente la mejor no tomen otro 
Deja series largas que ahorita mismo debería estar haciendo
Pero explica muy sheedoh
Si reprobará la tomaría de nuevo con ella",BUENO,10.0,6.0,Probabilidad y estadistica,10.0,03/Dic/2018
Es muy buena maestra se ve un claro dominio de los temases muy exigente  Aprendes porque aprendes,BUENO,10.0,8.0,Bioestadistica,9.0,13/Dic/2017
La clase lleva un ritmo bastante rápido A veces no es muy clara en su explicación Dale prioridad a poner atención en clase en lugar de tomar apuntes Ve cómo hace los ejercicios Si repasas todos los días vas a salir muy bien Sus exámenes son como los ejercicios en clase Recomendada,REGULAR,5.0,4.0,Bioestadística,8.5,08/Ago/2017
Excelente maestro muy atento a dudas y con sus alumnos explica muy bien y es muy dinámico,BUENO,10.0,10.0,Periodismo política,10.0,25/May/2020
Muy amable y paciente además de dar una clase muy clara,BUENO,10.0,6.0,Cálculo I,9.0,23/Dic/2021
Excelente maestra excelentes clases Y siempre se encuentra con una muy buena autoestima,BUENO,10.0,8.0,Calculo,9.0,21/Jun/2020
Excelente maestra muy amable y explica todo muy claro,BUENO,10.0,6.0,Matemáticas,8.0,25/Jun/2019
Le pone mucho empeño a su trabajo y siempre se preocupa por que aprendamos A veces se le va el rollo pero sigue siendo un 1010 lqm,BUENO,10.0,10.0,Embriología,9.5,08/May/2021
Una vergüenza de profesor No tiene ni una pizca de respeto con sus estudiantes su método de enseñanza se basa en la humillación y causar incomodidad en ellos Tras haber escuchado rumores acerca de su comportamiento inadecuado con alumnas puedo confirmar que es real Quiten a este maestro,MALO,2.0,6.0,Laboratorio de Ingeniería Química lll,23.0,09/May/2022
Ni le importa su clase ni sus alumnos ni su trabajo,MALO,2.0,2.0,Calculo 3,25.0,19/Sep/2023
Se quejan de él y ni siquiera saben límites Si entregas todos los trabajos pasas porque pasas No pone exámenes,REGULAR,6.0,10.0,Cálculo III,10.0,07/Feb/2016
Es un capo cuando enseña pero FALTA MUCHO entonces enseña poco Los exámenes de la EC1 todos son grupales  Busca un buen grupo porque si no responden lo que él quiere escuchar tu nota va a ser baja Es muy católico tengan como criterio esencial eso Verdad le llega la lista o asistencia,REGULAR,5.0,8.0,Introducción Ciencia Juridica,8.5,01/Jun/2023
Clase una vez a la semana donde explica la actividad a realizar todo es por plataforma y ahí da la retroalimentación,BUENO,7.0,10.0,NTIC,10.0,14/Dic/2021
Si lo que buscas es comprender sobre el tema antes que mecanizar los ejercicios toma su clase Muy entendible y sin duda alguna de los mejores maestros del departamento  aunque paso lista como 5 veces en todo el semestre no te recomiendo faltar ya que se abarca mucho en una sola clase,BUENO,10.0,6.0,Fenomenos de trnasporte,8.0,21/May/2023
Es el profesor del departamento que mejor explica Simplemente su explicación no se compara Sin embargo los exámenes serán posiblemente lo más difícil que te encuentres Realmente para estar al corriente de sus materias tienes que sacrificarle mucho tiempo y esfuerzo Indice de reprobación 4070,BUENO,10.0,2.0,Termodinámica II,7.5,28/May/2022
Un profesor excelente Se enfoca en entender los conceptos y no en nomás calcular cosas demuestra todo lo que se ve La clase es interesante te genera ganas de aprender y saber más De lo mejor del departamento,BUENO,10.0,4.0,Termo y Fenómenos,10.0,09/May/2022
Muy buen maestro Uno de esos que tienes que tomar si está disponible,BUENO,9.0,6.0,Termodinámica ll,8.5,09/May/2022
De mis maestros favoritos de la carrera excelente profesor y excelente clases los exámenes son difíciles pero si  vas al día con el curso y haces la tareas pasas muy fácilmente el curso eso si hay que leer y estudiar y no faltar a clases,BUENO,10.0,4.0,Análisis de procesos II,7.0,12/Ene/2021
Lo lleve en linea y toda su clase fue muy entendible lo malo es que los exámenes son difíciles aún pudiendo consultar las notas o libro,BUENO,10.0,6.0,Termodinamica II,7.5,16/Dic/2020
No le interesa dar clases y es arrogante Frecuentemente llega tarde o no llega,REGULAR,4.0,6.0,Luminiscencia,10.0,31/Dic/2020
no se dejen engañar por sus examenes tienen hoyos por donde surcar para poder pasarse y llevensela bien tiene una buena forma de dar las clases,BUENO,8.0,4.0,quimica,10.0,24/Oct/2019
Al principio puede parecer que es bastante organizada y tiene todo bajo control pero conforme avanza la clase comienza a poner trabajos y tareas largas uno sobre otro como si su clase fuera la única es bastante actualizada pero parece que no sabe hacer otra cosa mas que estar jodiendo con trabajos,MALO,3.0,6.0,Multimedia II,9.0,15/Oct/2022
Excelente profesora ,BUENO,10.0,6.0,Contabilidad,9.5,10/Jul/2014
Excelente maestra muy claras sus clases y siempre con disposición a dar asesorías y apoyar a los alumnos,BUENO,10.0,10.0,Contabilidad,10.0,07/Jul/2014
El profesor Osuna es una persona muy sensible y humana En sus cursos aprendes a ver la vida desde otra perspectiva con más respeto por puntos de vista distintos Además sabe mucho de literatura y siempre tiene lecturas muy interesantes,BUENO,10.0,10.0,Literatura extranjera,9.5,26/Sep/2018
Muy linda profesora muy atenta siempre contesta dudas y se preocupa verdaderamente por los estudiantes De las mejores sin duda ,BUENO,10.0,8.0,Metodología de la investigación,8.5,25/May/2020
PADILLITA BB,BUENO,10.0,6.0,Historia de la Medicina,9.5,06/Mar/2018
DR PADILLITA ES UN AMOR,BUENO,10.0,10.0,CARDIOLOGIA,9.0,24/Ago/2015
no te da clases se sienta a ver que los alumnos den toda las clases y así no aprendes deja que todos copien y nadie machetea porque ya saben que pasan copiando,MALO,2.0,10.0,historia de la medicina,5.0,07/Mar/2014
Muy bien maestro nada cómico y su clase puede ser un poco enfadosa pero se ve que le hecha ganas a la clase,BUENO,9.0,6.0,Microeconomía I,9.0,18/Dic/2019
Explica muy bien la parte de teoría pero en los ejercicios suele complicarse mucho y termina confundiendo más Al igual no termina siendo clara en la forma de trabajar y los exámenes son difíciles lo mejor seria no agarrarla con esta maestra,BUENO,7.0,4.0,Equilibrio Químico,7.0,02/Feb/2022
Deja trabajos largos habla mucho de política Sabe mucho pero a veces se pone muy exigente,REGULAR,6.0,4.0,Periodismo comodín,7.5,25/May/2020
Es una persona un poco grosera Me dio la impresión de que no está lo suficientemte preprada por eso se comporta asi Creo que le hace falta mas experiencia en la docencia,MALO,3.0,6.0,Ingeniería Química,6.5,03/Ene/2023
Su clase es muy ligera haciendo los ejercicios a su ritmo es muy fácil entender sus requisitos las actividades son en plataforma Es muy accesible a las necesidades yo problemas que pudieran presentar los alumnos Quizá el único inconveniente es que algunas tareas tarda mucho en revisarlas,BUENO,10.0,10.0,Programación de computadoras,10.0,18/Dic/2021
Clase flojísima no aprendes nada y solo te pone a copiar todo el searszemansky  Nomas te quita tiempo de estudiar con las actividades que obvio ni revisaba porque solo era transcribir teoria y problemas resueltos Es sencillo pero mucha talacha No aprendes ni madre,MALO,3.0,6.0,Electromagnetismo (virtual),9.5,19/Feb/2023
Las prácticas eran un poco complicadas pero tenías una semana para ingeniártelas modalidad virtual Las calificaciones las dio hasta el final del semestre,BUENO,7.0,6.0,Laboratorio Física II,10.0,14/Dic/2021
El mejor maestro del departamento sin duda alguna Te hace entender todo perfectamente y califica con exámenes duros pero justos Es un completo desperdicio no tomar clases con este profesor Aprovechen,BUENO,10.0,4.0,Transferencia de masa,8.5,09/May/2022
Clases excelentes Extraordinario profesor Clases divertidas y con un nivel impresionante Te hace amar la materia El curso es dificil No se enfoca en los cálculos furiosos como el dice sino que el enfoque es el de entender los conceptos Honestamente lo mejor del departamento,BUENO,10.0,4.0,Transferencia de Masa,10.0,09/May/2022
EXCELENTE PROFESOR EL MEJOR DE ESTE SEMESTRE,BUENO,9.0,6.0,ESTRATEGIAS PARA APRENDER A APRENDER,9.5,20/Dic/2017
Un buen Profesor acepta cualquier comentario para mejorar y hacer más fácil la materia Recomendado,BUENO,9.0,10.0,Estrategias para Aprender a Aprender,9.5,09/Ago/2017
Maestro ya jubilado,REGULAR,6.0,6.0,Matemáticas,10.0,28/Oct/2019
Los exámenes por la materia son difíciles pero todo lo que viene se ve en clase,BUENO,9.0,6.0,Ecuaciones diferenciales,9.5,31/Ene/2016
Muy grosera y nada empática  no explica bien y según ella los alumnos tienen la culpa No la tomen,MALO,3.0,6.0,Quimica orgánica,9.0,19/May/2023
Eramos 36 alumnos sólo pasaron 10 el más alto con 71 pésimo trato al alumno si puedes no la tomes,MALO,2.0,4.0,Química Orgánica,5.5,10/Ago/2020
Muy buena Profesora da oportunidades para sacar 100 de calificación,REGULAR,6.0,8.0,Administración II,10.0,11/Ago/2017
Deja al menos dos tareas por tema visto en clases una individual aproximadamente 2030 ejercicios y otra en equipo al menos 50 ejercicios sus exámenes son muy cortos pero es muy específica en los procedimientos,REGULAR,6.0,6.0,Cálculo III,9.5,18/Dic/2021
Es buen profe regular,BUENO,9.0,8.0,Métodos cualitativos,9.0,25/May/2020
Es una maestra muy estricta pero siempre sabes que te exige y por qué,BUENO,10.0,6.0,Cálculo,8.5,06/Sep/2023
Para empezar si quieres aprender esta maestra no es la indicada nomas critica los trabajos pero no explica de forma idónea no te escucha si hablas no te hace caso tarda mucho en en calificar y si no alcanzan los últimos haciéndolos todo por su cuenta,MALO,2.0,2.0,metodologia,23.0,07/May/2021
Cuenta historias de su vida personal cuando ya repitió la misma historia 5 6 veces puso a exponer a quien quisiera no repartió temas interrumpe las exposiciones con información ya obsoleta o que no entiende  Ya que le den su jubilación y a su casa en la pitic no lo recomiendo,MALO,2.0,2.0,Problemas Laborales,23.0,25/Feb/2020
Es una vergüenza que la universidad de Sonora tenga este tipo de gente trabajando el señor ya está muy grande para dar clases y como que ya tiene principios de Alzheimer con todo respeto fue de los peores maestros que e tenido en mi vida,MALO,2.0,10.0,Administración,8.0,19/Dic/2019
"No haces NADA en sus clases solo se la pasa contando historias ridículamente falsas
Esta tan idiota que ni siquiera sabia la clase que estaba dando y decia que ibamos a tener un examen que era para otra materia",REGULAR,5.0,8.0,Administración 2,8.0,18/Dic/2019
A un mes de terminar el semestre no sabía que materia nos estaba dando no lo recomiendo,MALO,2.0,10.0,Administración 2,9.0,18/Dic/2019
Vive en un mundo de fantasías pareciera que tuviera la necesidad de decir mentiras o historias muy exageradas No prepara clase rara vez deja tarea no la revisa y todos los dias pregunta que si quién va a exponer cuando ni siquiera reparte temas Es una buena persona pero está tontito,MALO,2.0,10.0,Administracion,10.0,19/Oct/2019
Bueno como persona pero no aprendes mucho en clase,REGULAR,6.0,6.0,Administración,9.0,09/Oct/2016
excelente maestro,BUENO,10.0,10.0,administracion de recursos humanos,10.0,26/Jun/2014
Es buena persona pero si quieres aprender busca a otro profesor,MALO,2.0,10.0,ADMINISTRACIÓN,6.5,11/Ene/2011
Una tarea por tema visto en clase Un trabajo final de investigación que deja con un mes de anticipación es atento a las dudas que surjan durante la clase o al día siguiente de que pone la tarea Da los resultados de las tareas y evaluaciones rápido,BUENO,10.0,10.0,Física II,10.0,14/Dic/2021
buena maestra y bien su modo de trabajar en clase,BUENO,10.0,6.0,taller de formas autocompositivas de resolucion de conf,10.0,07/Ago/2013
Muy buen profesor en laboratorio tiene mucha paciencia y es claro con lo que quiere en sus practicas y reportes el unico problema es que no sabes cuanto vas sacando en cada reporte hasta el final del semestre,BUENO,10.0,10.0,Laboratorio quimica general,9.0,25/Sep/2023
Al ser laboratorio virtual casi no recibimos clases pero mandaba material al correo para resolver los cuestionarios de la práctica semanal,BUENO,9.0,10.0,Laboratorio de Química Orgánica,10.0,18/Dic/2021
La mayoria de sus clases lo unico que hace es ponerse a leer diapositivas y a hablar por dos horas te podias caer dormido en sus clases y ni se daba cuenta La mayoria de estudiantes que lo recomiendan son puro lamebolas que quiere quedar bien con él,REGULAR,5.0,4.0,NTIC 2,21.0,15/Oct/2022
El profesor tiene serios problemas no sabemos porqué está frente al aula Exámenes extremadamente desgastantes no por complejidad sino por lo largas que son las ecuaciones a resolver para nada didáctico ridículo Tiene problemas de estabilidad emocional es agresivo y enfermizo,MALO,2.0,6.0,Ecuaciones diferenciales,7.5,08/Mar/2022
Excelente profesor y matemático Apasionado por enseñar hasta al mas burro de la clase Se preocupa bastante si aprendiste o no te da muchas tareas para que practiques lo aprendido en clase y desarrolles intuición para resolver problemas,BUENO,10.0,10.0,Ecuaciones diferenciales,9.0,06/Ene/2022
Mucha confusión en la clase le hace falta un seguimiento lógico Si quieres aprender sobre la materia no es recomendable aprender con él,REGULAR,4.0,4.0,Probabilidad y Estadística,5.0,21/Sep/2020
definitivamente un profesor que no recomiendo en lo absoluto cofusión desde el día 1 inclusive los alumnos buscamos apoyar al profesor para que poderle facilitar las clases en linea y en ningún momento se prestó para cooperar Habla mal de nosotros y sus notas para explicar son en extremo confusas,MALO,2.0,2.0,ecuaciones diferenciales,23.0,03/Sep/2020
100 exámenes fueron 13 en total Pasamos como 15 personas de 80 entre dos grupos Impredecible en su actitud y personalidad explosiva,REGULAR,5.0,2.0,Ecuaciones diferenciales,7.0,01/Sep/2020
La verdad es de las peores experiencias que he tenido como estudiante jamás la repetiría Mala planeacion de la clase y calificación inconsistente,REGULAR,4.0,2.0,Ecuaciones diferenciales,7.5,01/Sep/2020
pésimo,MALO,3.0,2.0,ecuaciones diferenciales,7.5,01/Sep/2020
Buen docente pero está muy gordo,BUENO,8.0,6.0,Diseño Industrial,8.0,18/Nov/2014
No es muy bueno explicando y mete contenido extra que no se evalúa en los exámenes No volvería a agarrar clase con el Si le caes mal te va a perjudicar mucho,REGULAR,4.0,4.0,Contabilidad I,8.0,18/Dic/2019
Espantoso profe no sabe lo que enseña Cero recomendado,REGULAR,4.0,10.0,Usos sociales,10.0,25/May/2020
es la mejor maestra que puede exisir en el universo esta classe es un 10 seguro no ay duda tomenla les garantizo que jamaz se van a arrepentir,BUENO,10.0,10.0,"Practica Básica Jurídica, Seminario de Procesal Mercant",10.0,23/Ago/2011
Buena profesora da las clases claras y los temas los explica a detalle Recomendada ,BUENO,8.0,8.0,Diseño de Algoritmos,24.0,10/Nov/2021
Explica los temas tan a detalle que nadie se queda sin entender,BUENO,9.0,10.0,Diseño de Algoritmos,10.0,02/Ago/2021
Tiene muy buen material pero no es en el momento adecuado de la carrera así q pon atención aunq te qieras dormir La clase se vuelve aburrida porque es muy monótono al hablar Califica al final con una exposición en equipo y la mayoría saca 100 Revisa que incluyan bibliografía Toma lista,BUENO,9.0,10.0,Crecimiento y Desarrollo,10.0,08/Ago/2017
Lean del Guízar para sus clases y hagan nota de lo que no leyeron Si tienen dudas de lo que dice la dra por algo que uds leyeron pregúntenle asegúrense que comprendan bien los temas para el examen Échenle ganas está muy padre Las bases moleculares son fundamentales no las menosprecien,REGULAR,6.0,6.0,Genética,9.5,23/May/2018
Esta materia me gustó mucho ya que te permite tener nocion de muchas cosas interesantes La doctora generalmente da las clases y sus examenes son casi el total de la calificacion final,BUENO,8.0,10.0,Biología celular,9.5,29/Dic/2016
Al final terminé amando su clase Al principio difícil entender libro porque no tenía buenas bases Es cuestión de buscar los términos que no entiendas Le gusta ver interés Lee el tema antes de clase Participa y te ayudará al final No les gusta verlos flojos porque luego trae examen sorpresa,REGULAR,6.0,8.0,Biología Celular,9.5,28/Dic/2016
la verdad sabe mucho de Genetica pero es con muy poco enfoque clinico que finalmente es lo que sirve para un estudiante de medicina creo que fue mucho mejor como maestra de Biologia Celular que de Genetica  P ,REGULAR,6.0,4.0,Genetica,8.5,21/Sep/2014
Su modo de impartir la materia de Genetica no es el adecuado para un alumno de medicina hubo muchos espacios que quedaron confusos asi como los examenes,REGULAR,4.0,4.0,Genetica,8.5,30/Abr/2014
Excelente profesor Adecua su forma de enseñar de acuerdo al grupo y califica muy coherente Mil respetos,BUENO,10.0,10.0,Grometría analítica,10.0,02/Ago/2021
Los alumnos dan la clase se trata sólo de exponer en realidad no enseña él eso hace que sea fácil pasar las materias con él Pero siempre intenta desacreditar a los alumnos haciendo comentarios como En esta materia te enseñaremos que esta carrera no es para ti,MALO,3.0,8.0,Planeación industrial,10.0,29/Sep/2022
Muy buen profesor sus clases son entretenidas ya que son prácticas explica todo muy claro y siempre atento a resolver las dudas de los alumnos deja tareas seguido pero son tareas muy sencillas que en 15 minutos puedes terminar Además solo tiene un proyecto final al término del semestre,BUENO,10.0,8.0,Geometría Analitica,23.0,10/Nov/2021
Dedicado humilde excelente persona entendible,BUENO,10.0,10.0,Variado,9.0,30/Oct/2017
Es un maestro que trae sus problemas personales a las clases explica alguna ves y si no escuchaste o no pusiste atención te dice que ya tendrías que saberlo si haces muchos ejercicios que te sirven pero son muy extensoscon muchos datos para calcularcosa que no es necesariaSiempre a la defensiva,REGULAR,6.0,4.0,Estadistica,7.0,12/Nov/2019
Noo vale ver para explicar deja tareas muy largas confusas e inútiles por qué no aportan nada a la clase además es chairo por qué se la lleva mame y mame con su modelo 2030,MALO,2.0,2.0,Estadística,8.5,09/Sep/2019
No esperen que les aclare ninguna duda cambia mucho de opinion no explica nada en el aula y tu tienes que investigar la clase completa por tu cuenta,MALO,3.0,6.0,Estadística I,8.0,09/Sep/2019
"Excelente profesor que siempre da lo mejor de él a la hora de dar clases
Es todo un experto del cálculo y también da asesorías",BUENO,10.0,10.0,Cálculo 1 y 2,7.0,11/Ago/2020
Desde la primer clase comenzó amenazándonos con que generaciones pasadas ya la habían intentado reportar debido a su enorme falta de profesionalismo con los estudiantes no explica nada claro tanto en línea como en presencial y entre los dos grupos que tenía nos tuvimos que dar de baja masiva,MALO,2.0,2.0,Mecánica Vectorial,21.0,27/May/2022
comparte su entusiasmo por la materia,BUENO,8.0,6.0,parasitologia,7.5,08/May/2021
Hace que te des cuenta que ya iniciaste la universidad Es necesario dedicarle su tiempo al estudio,BUENO,10.0,4.0,Geometría Analítica,8.0,23/Dic/2021
Desde el primer día sus condiciones son claras y si quieres pasar lo mejor es que contestes tus dudas durante la clase o en sesiones de asesorías que debes programar con anticipación Al inicio su ritmo es algo rápido o confuso pero después es sencillo seguirlo y entenderlo,BUENO,10.0,6.0,Geometría Analítica,10.0,27/May/2021
"Una vez acostumbrado a su método de enseñanza me doy cuenta de lo excelente que es tanto en la docencia como en su persona
Es mi materia favorita a pesar de que probablemente sea en la que mi promedio esté más bajo respecto a los demás cursos",BUENO,10.0,8.0,Geometría Analítica,6.0,30/Sep/2020
Es muy buen profe Enseña super bien Es mucho trabajo,BUENO,10.0,8.0,Audiovisual,8.5,25/May/2020
Excelente doctor y maestro,BUENO,10.0,10.0,Anatomia,7.5,24/Oct/2019
Es el mejor maestro,BUENO,10.0,10.0,Anatomía Práctica,6.0,24/Oct/2019
Es una popo de persona no tiene corazon es un martirio pero aprendes nn,MALO,3.0,4.0,Anatomía,7.5,28/Nov/2017
Excelente docente Estudia muy bien tu tema señala lo que vas mencionando Estudia con tiempo y apréndete todo muy bien y no vas a tener mayor problema Si puedes adelanta las tareas egun fin de semana y ya nomás te dedicas a estudiar entre semana Es duro pero sabe muchísimo Recomendadísimo,BUENO,10.0,6.0,Laboratorio de Anatomía II,9.0,08/Ago/2017
Excelente maestro muy duro pero muy bueno Aprendes porque aprendes,BUENO,10.0,2.0,ANATOMIA,7.0,17/Feb/2016
El peor maestro que he tenido en toda mi vida,MALO,2.0,6.0,Anatomía,8.5,27/Ene/2016
ES EL MAESTRO CON EL QUE APRENDERAS POR LAS BUENAS TE HUMILLARA EN LAS EXPOSICIONES PERO HARA QUE APRENDAS Y RECUERDES TODO SIEMPRE EL MEJOR SABE DE TODO SE LE NOTA SU PASION POR LA MEDICINA EL MEJOR  MEJOR,BUENO,10.0,4.0,ANATOMIA,9.5,27/Mar/2015
es de los mejores profesores que he tenido en todo mi desarrollo como estudiante,BUENO,10.0,6.0,anatomia,8.0,24/Feb/2015
lo amo,BUENO,8.0,4.0,ANATOMIA,7.0,11/Dic/2014
El profesor hace lo mejor posible para resumir ese universo de información en unas cuantas clases Indispensable la lectura por tu cuenta Que el profesor no sabe bajarse al conocimiento de licenciatura Somos nosotros los que tenemos que subir,BUENO,10.0,8.0,Biología Celular,9.5,08/Ene/2023
No es buen maestro es mejor investigador no sabe bajar el nivel de su conocimiento a estudiantes de licenciatura Es el equivalente a leer el Alberts por tu cuenta La pueden llevar con cualquier otro,MALO,2.0,4.0,Biología Celular,8.5,15/Sep/2021
"Buen investigador mal profesor
No sabe explicar
Si bien es exigente con las participaciones la clase solo sirve para darse una idea de lo que puede preguntar
Para pasar la clave esta en leer mucho y entender los diagramas que usa en sus clase que todos los saca del mismo libro",REGULAR,4.0,2.0,Biología Celular,8.0,02/Dic/2020
Excelente profesor,BUENO,10.0,4.0,BIOLOGÍA CELULAR,8.0,05/Ago/2020
El Dr Velázquez es un excelente docente Explica los temas de una manera muy muy clara Es muy importante para él que se comprenda el concepto Le gusta mucho la participación de calidad Es muy interesante y padre la materia y el doctor es excelente,BUENO,10.0,6.0,Inmunología Básica,10.0,23/May/2018
Es bien atm y te contesta todas las preguntas que le hagas pero sus examenes son de lo más difícil aunque sean de opción múltiple,REGULAR,6.0,2.0,Anatomia I,6.0,16/Dic/2019
Excelente Doctor,BUENO,10.0,4.0,Anatomía,8.5,21/Sep/2019
levita cuando anda por los pasillos  super profesor  trae un Rolex de oro y usa zapatos Gucci con su cinto Ferragamo,BUENO,10.0,2.0,anatomia,8.0,14/May/2019
Siempre es anfiteatro Es muy buena onda Hace que te ensucies las manos guantes simula cirugías en los cadáveres y le gusta que le hagan preguntas 100 recomendado Dice que baja 10pts por falta pero no es así Exámenes opc múlt difíciles pero al final ayuda con la calif SI TE PORTAS BIEN,BUENO,9.0,8.0,Anatomía (L),8.5,09/Ago/2017
No muestra interés por enseñar Cada semana un equipo expone el tema Sus clases son en el HGE es obligatorio ir de blanco Toma horas de clase para dar consultas por lo que muchas veces no se presentaba llegaba tarde o apuraba mucho al equipo expositor sin dejar lugar para dudas ni comentarios,MALO,3.0,6.0,Histología,8.5,09/Ago/2017
Y QUIEN TE DIJO QUE ERES PROFESORA PESIMA SANGRE PESADA Y MEJOR ME CALLO,MALO,2.0,2.0,MORFOLOGA NO PATOLOGA,0.5,11/Jun/2015
best profe ever califica muy duro pero es con quien mas vas a aprender de una manera muy practica,BUENO,8.0,4.0,Calculo 1,6.5,24/Oct/2019
Excelente maestra para probabilidad,BUENO,10.0,10.0,Probabilidad,10.0,09/Sep/2022
Te enseña el principio de la tolerancia al escuchar historias sin sentido durante un semestre seguido por una hora No enseña lo que debería,MALO,2.0,2.0,Calculo I,21.0,15/Jun/2023
Mala forma de evaluación diferente pero te puede llegar a perjudicar fuertemente,MALO,3.0,2.0,Calculo,21.0,13/Oct/2021
