comentario_esp,mp_tag,calidad,facilidad,materia,calif_Obtenida,fecha,comentario_eng
Buen profesor,BUENO,10.0,4.0,Microeconomía,9.5,20/Oct/2014,Good teacher.
"Aprendí más con él en sus clases de 5 minutos que con otros maestros que daban su clase completa
Jurisprudencia Resolución jurídica con base en principios y doctrinas",BUENO,10.0,10.0,Teoría del Derecho,9,04/Dic/2016,I learned more with him in his 5 minute classes than with other teachers who gave his full class Jurisprudence Legal resolution based on principles and doctrines
Le importa mas como vas vestido incluso no te deja entrar a su clase por no estar presentable para la institucion,BUENO,7.0,6.0,Estadistíca,7.5,08/Sep/2021,He cares more how you're dressed he doesn't even let you into his class because he's not presentable for the institution.
Demasiado especial con la imagen del alumno parece que califica más el peinado que la tarea,REGULAR,6.0,6.0,FCQ/Estadística,7.5,30/Ago/2021,Too special with the image of the student seems to qualify the hairstyle more than the task
con esta maestra necesitas tragajar si no te veras en segundas,BUENO,8.0,6.0,algebra y fisica,8.5,27/May/2010,With this teacher you need to swallow if you don't see yourself in second place
Buena profesora es muy importante poner atención en las clases,BUENO,10.0,8.0,Modelación de procesos mediante algebra lineal,9,14/Sep/2023,Good teacher it is very important to pay attention in classes
La verdad pasar la materia fue pan comido el examen estuvo relativamente sencillo y  las tareas también es super buen onda y siempre te ríes en sus clases,BUENO,9.0,10.0,Modelación de procesos mediante algebra lineal,9.5,09/Sep/2023,The truth of passing the matter was a piece of cake. The exam was relatively simple and the tasks are also super cool and you always laugh in their classes.
Me agrada más su clase en presencial pero su clase es buena Sus exámenes suelen ser largos,BUENO,9.0,6.0,Calculo vectorial,8,17/Jul/2021,"I like your class more in-person, but your class is good. Your exams are usually long."
Sufres pero aprendes,BUENO,10.0,4.0,Teoría de anillos y campos,7,05/Ago/2020,You suffer but you learn
Muy difícil esta maestra y no enseña nada,MALO,2.0,2.0,Medicina,8.5,27/May/2020,Very difficult this teacher and does not teach anything
Muy buena lectora,BUENO,9.0,8.0,Psicoanálisis,9,28/Ago/2014,Very good reader
Excelente,BUENO,10.0,6.0,psicologia,N/A,20/Oct/2011,Excellent.
Es un excelente Maestro ya que nos ayuda mucho en nuestro crecimiento personal además de entender las matemáticas Hace el papel de un tutor sin serlo sin duda el mejor maestro que he tenido en toda mi vida un ejemplo a seguir un abrazo a mi maestro con cariño,BUENO,10.0,8.0,Matemáticas,10,14/Dic/2010,He is an excellent Teacher since he helps us a lot in our personal growth as well as understanding mathematics He plays the role of a tutor without being without doubt the best teacher I have had in my whole life an example to follow a hug to my teacher with affection
siempre excelente maestro siempre tiene las palabras correctas para nosotros los alumnos,BUENO,10.0,10.0,Matematicas,10,15/Jun/2010,always excellent teacher always has the right words for us students
Es un excelente profesor motivador y más que eso un buen guía Imparte la materia de matemáticas pero también te ayuda con conceptos de física e informática Te sabe escuchar y te trata como persona no como un numero más,BUENO,9.0,8.0,Matemáticas,9.5,19/Jul/2008,He is an excellent motivating teacher and more than that a good guide Teaches the matter of mathematics but also helps you with concepts of physics and computing He knows how to listen and treats you as a person not as a number more
Falta mucho,REGULAR,4.0,2.0,Historia,10,21/Jul/2022,There's a long way to go.
No hay examen con él Pero califica al azar,MALO,2.0,2.0,Introducción a la Ciencia Política,10,26/Jul/2017,"There's no test with him, but he qualifies at random."
PESIMO PARA DAR CLASE AUNQUE ARGUMENTES DE MANERA CORRECTA SIEMPRE DIRA QUE EL ESTA BIEN AUN Y CUANDO NO ES ASI,MALO,2.0,2.0,LOGISTICA,9.5,26/May/2020,WEIGHT TO GIVE CLASS YET ARGUMENTS OF CORRECT WAY ALWAYS DIE THAT HE'S GOOD YET AND WHEN IT'S NOT SO
Es una excelente profesora brinda mucho apoyo personal y sus clases son excelentes explica perfectamente sus clases y resuelve tus dudas a la perfección Te recomiendo practicar todas las reacciones que te enseñe porque los mecanismos son muy importantes Sin duda volvería a llevar su clase,BUENO,10.0,4.0,Fundamentos de Síntesis Organica,7.5,21/Ago/2022,She is an excellent teacher who offers a lot of personal support and her classes are excellent to explain her classes perfectly and solve your doubts perfectly.I recommend you practice all the reactions I teach you because the mechanisms are very important.
La mejor maestra que tiene la FCQ un amor de persona y una excelente maestra explica todo super bien y atiende cada duda que tengas sus exámenes sí son un poco complicados pero si pones atención se harán más sencillos,BUENO,10.0,4.0,Síntesis de química orgánica,9.5,27/May/2022,The best teacher the FCQ has a love of person and an excellent teacher explains everything super well and attends every doubt you have your exams are a little complicated but if you pay attention they will become simpler
La mejor profe que me he topado en la carrera explica muuuuy bien es muy comprensiva con problemas personales y es muy amable para resolver dudas sus examenes son bastante largos,BUENO,10.0,4.0,fundamentos de quimica organica,7.5,08/Dic/2021,The best teacher I have encountered in the race explains muuuuy well is very understanding with personal problems and is very kind to solve doubts his exams are quite long
"Hagan una nueva escala para esta Dra por favor 
Excelentísima 1000010 
No es facil pero sabe muchísimo y aprendes un montón",BUENO,10.0,6.0,Síntesis orgánica,8,09/Sep/2021,Make a new stopover for this Dra please Excellent 1000010 It's not easy but knows a lot and you learn a lot
Es muy  buena maestra te explica las veces que necesites es muy respetuosa y clara con sus explicaciones Debes ser muy claro con los mecanismos de acción pero si tuviera que llevar otra vez esa materia la metería con ella,BUENO,9.0,8.0,FCQ/Orgánica,7.5,30/Ago/2021,She's a very good teacher. She explains how many times you need. She's very respectful and clear with her explanations.
Una excelente maestra muy completa y clara cada sesión inspira a aprender mas de la química orgánica ayuda siempre a los estudiantes ejercicios todas las sesiones y exámenes muy bien echos no sencillos porque es química orgánica pero si muy bien echos 100100,BUENO,10.0,4.0,Química Orgánica Básica /  Síntesis de Química Orgánica,7.5,23/Jul/2021,An excellent teacher very complete and clear each session inspires to learn more about organic chemistry always helps students exercise all sessions and exams very well done not simple because it is organic chemistry but if very well done 100100
Excelente maestra de las mejores que he conocido Explica muy bien su clase da buena retroalimentación y es muy amable,BUENO,10.0,10.0,Fundamentos de Síntesis Orgánica,24,08/Feb/2021,Excellent teacher of the best I have ever known Explains very well your class gives good feedback and is very kind
Es excelente explicando se nota que le gusta impartir su clase y compartir su conocimiento con los estudiantes Da buena retroalimentación sin embargo cuando califica es muy detallista en las respuestas LA AMO,BUENO,10.0,4.0,Fundamentos de Síntesis Orgánica,23,08/Jun/2020,It is excellent to explain that he likes to teach his class and share his knowledge with students.It gives good feedback however when he qualifies he is very detailed in the answers LA AMO
Muy buena profesora se interesa por que sus alumnos aprendan y utiliza metodos de examén no convencionales donde aprendes lo que estudiaste y lo que se te olvido Tomaría siempre clases con ella,BUENO,10.0,6.0,Farmacología,9,06/Mar/2020,Very good teacher is interested in his students learning and using unconventional test methods where you learn what you studied and what you forgot I would always take classes with her
Excelentes clases,BUENO,10.0,10.0,Síntesis orgánica,7,15/Oct/2019,Excellent classes
La mejor maestra de la facultad Explica MUY bien,BUENO,10.0,10.0,Q. Orgánica,10,05/Feb/2015,The best teacher of the faculty explains VERY well
Extraordinaria buenos ejemplos clínicos,BUENO,10.0,10.0,hematología,8.5,08/Oct/2019,Extraordinary good clinical examples
La mestra es buena conoce bien los temas y prepara sus clases a diferencia de otros Puede dejar que sus gustos personales opaquen un poco su retroalimentación pero ayuda y sí aprendes  Es estricta con las entregas y actividades pero creo que lo normal que deberían pedir todos los maestros,BUENO,8.0,4.0,Diseño,8,13/Nov/2017,The mestra is good she knows the topics well and prepares her classes unlike others She may let her personal tastes overshadow her feedback a little but it helps and you do learn It's strict with the deliveries and activities but I think the normal thing all teachers should ask for
El mejor maestro que he tenido en mi vida La mejor maestra su esposa Nadie como él para explicar y enseñar sin límite su experticie Clases de mucho crecimiento e inolvidables Un gran ejemplo como docente y sin duda el mejor perito en psicología,BUENO,10.0,6.0,CONFLICTOLOGIA Y TECNICAS DE COMUNICACION,10,05/Mar/2020,The best teacher I've ever had in my life The best teacher his wife No one like him to explain and teach without limit his expertise Very growing and unforgettable classes A great example as a teacher and certainly the best expert in psychology
Excelente maestro y es de los pocos que realmente se interesan por que el estudiante aprenda y tenga la necesidad de seguir aprendiendoinvestigando y cuestionando Y es el que tiene mas poblacion de estudiantes en sus diplomados y clases,BUENO,10.0,10.0,diplomado,10,28/Feb/2013,Excellent teacher and is one of the few really interested in the student learning and needing to continue learning researching and questioning And he is the one who has the most population of students in his diplomas and classes
Muy buenos sus cursos con mucha experiencia,BUENO,10.0,10.0,tecnicas de interrogatorio,10,09/Oct/2011,Very good your courses with a lot of experience
EXCELENTE  MAESTRO TAMBIÉN DE FAC DE DERECHO CON MUCHA EXPERIENCIA Y ACCESIBLE,BUENO,10.0,8.0,TÉCNICAS DE INTERROGATORIO,N/A,11/Abr/2011,EXCELLENT LAW FAC MASTER ALSO WITH A LOT OF EXPERIENCE AND ACCESSIBLE
extraordinarioadmirable ejemplo a imitarmemoria fotograficaobjetivo practico inovador en su areapor lo mismo acarrea envidias porque no pueden superarlo,BUENO,10.0,10.0,diplomados,10,23/Mar/2011,Extraordinary example to imitate photographic objective practical innovative in its area for the same thing carries envy because they cannot overcome it
Quien dice que es un charlatán seguramente es por envidia que de la cara y se lo diga de frente lo conozco como maestro tiene toda la experiencia y sí acarrea muchas envidias como las de esa calumniosa la invito a que compruebe lo que diceademás es un hombre de familia ejemplary me consta,BUENO,10.0,8.0,Psicologia jurídica,10,12/Mar/2011,Who says he is a charlatan is surely out of envy that I know him from the face and tell him from the front as a teacher has all the experience and does bring many envyes like those of that slanderous one I invite her to check what he says plus is an exemplary family man and I know
Experiencia apertura y facilitadorexcelente combinacion,BUENO,10.0,10.0,Psicologia Juridica y Tecnicas de Interrogatorio,10,16/Ago/2010,Experience openness and excellent combination facilitator
Nadie como el Maestro tiene mucha experiencia y es el unico preparado de la Uni en estos temas tiene muchos titulos que nos ayuda lo que sabe con ejemplos practicos de su practica y conocimientos se los recomiendo ex alumno de psicologia,BUENO,10.0,6.0,Diplomado pisologiaa juridica y tecnicas de interrogato,10,26/Jun/2010,No one like the Master has much experience and is the only one prepared by the Uni in these subjects has many titles that help us what he knows with practical examples of his practice and knowledge I recommend to them former student of psychology
Tiene mucha experiencia y sabe como mantener la atención con anecdotas,BUENO,10.0,8.0,Psicología jurídica y Técnicas de Interrogatorio,9.5,31/May/2010,He has a lot of experience and knows how to maintain attention with anecdots
Es un profe que se preocupa por sus alumnos y no incentiva a echarle ganas cada día y demostrar que si podemos salir adelante,BUENO,10.0,10.0,Mercantil,N/A,29/May/2019,He's a teacher who cares about his students and doesn't encourage him to win every day and show that if we can get ahead
teresita no te acabes yo se que sigues virgen,BUENO,8.0,10.0,gestion empresarial,10,15/Dic/2011,"Theresa, don't run out. I know you're still a virgin."
"me caía bien pero nunca iba a clases siempre tenía cosas más importantes que hacer
y no no aprendí nada con ella 
como quiera es muy buena persona pero no tan buena maestra",REGULAR,4.0,10.0,introducción a la administración,9,22/Oct/2008,"I liked her, but I never went to class. I always had more important things to do. And I didn't learn anything from her anyhow. She's a very good person, but not such a good teacher."
la clase más fácil de mi vida lástima que no aprendí nada,MALO,2.0,10.0,Contabilidad general,10,27/Sep/2008,The easiest class in my life. Too bad I didn't learn anything.
No se enfoca en la ingenieria,BUENO,8.0,10.0,abastecimiento de aguas,N/A,17/May/2013,It doesn't focus on engineering.
Un desastre,MALO,2.0,8.0,Hidrogeología,2,20/Ago/2010,A disaster.
Es muy humanista,BUENO,10.0,10.0,Hidrogeologia,10,24/Jul/2010,It's very humanistic.
"Soy uno de sus muchos INUTILES
es a toda madre
no hay mejor maestro para biologia 
te resume muy bien la clase no sean mal pensados
es pookisima madre
se le extraña",BUENO,10.0,8.0,QUIMICA Y BIOLOGIA,10,22/Mar/2009,I'm one of your many INUTILE is every mother there's no better teacher for biology sums you up very well the class don't be misthought is pookisima mother is missed
"es kon made solo ke tiene
un gran defecto
ser tigre jajaja",BUENO,10.0,10.0,biologia,10,04/Ago/2008,is kon made only ke has a great defect being tiger hahaja
"es kon made solo ke tiene
un gran defecto
ser tigre jajaja",BUENO,10.0,10.0,biologia,10,04/Ago/2008,is kon made only ke has a great defect being tiger hahaja
Es uno de los mejores profesores que me dio clases la verdad es que el te ayuda en todo y sus clases son lo mejor super tranquila su clase,BUENO,9.0,8.0,Biologia,N/A,25/Jul/2008,He's one of the best teachers who taught me the truth is that he helps you in everything and his classes are the best super quiet his class.
"supeeee uno de los mejores de la prepa 2
jajajajaja
no manchees el lic hacia la clase super trankila agusto y la disfrutabaas
generacion 20032005",BUENO,10.0,10.0,biologia,9,25/Jul/2008,knew one of the best of the prepa 2 jajajaja no manchees the lic towards the class super trankila agusto and enjoyed it generation 20032005
Es super buena onda sabe muchas cosas y siempre busca tu brneficio personal bien accesiblae excelente persona y como profesor ni se diga Lo recomiendo de manera bastante bien ell siempre tendra una sonrisa parati claro que stu pongas de tu parte,BUENO,10.0,8.0,Quimica y biologia,9,25/Jul/2008,It's super cool knows many things and always look for your personal brine well accessible excellent person and as a teacher I don't recommend it quite well he will always have a smile parati clear that you put on your side
"es un profe super alivianado bien chevere 

y cae kon ganas asi ke animales ponganse a estudiar",BUENO,10.0,2.0,quimika y biologia,10,25/Jul/2008,He's a super relieved teacher well chevere and he falls kon want so get animals to study
"wuaw 

es un prof a todo dR 
nos apoya mucho 
en eltiene mi respeto y mi amistad 
prof en vdd espero segir en kontacto kmo usted kmo sta ahorita sabiendo k yo sali hace 2 años en vdd sus klases eran divertidas y edukativas sin kaer en lo komun 

gracias por el tiempo k me dio klases d k 1 añoo y d k biiologiaa",BUENO,10.0,10.0,bioologiia,8.5,25/Jul/2008,wuaw is a prof to everything dR supports us very much in holding my respect and my friendship prof in vdd I hope to reap in kontacto kmo you kmo sta ahorita knowing k i went out 2 years ago in vdd his klases were fun and edukativas without kaer in komun thanks for the time k gave me k k k 1 year and d k biiologiaa
Sin duda un visionario y disruptor no solo en radiología la cual inspira a seguir sino en educación médica en general Gracias,BUENO,10.0,10.0,Radiología,9,26/Nov/2018,Without a doubt a visionary and disruptor not only in radiology which inspires to follow but in medical education in general Thank you
Excelent Persona Dr y Profesor,BUENO,10.0,10.0,Radiología,9.5,04/Dic/2017,Excelent Persona Dr y Profesor
Excelente profesor y excelente ser humano S,BUENO,10.0,10.0,Imagenología,N/A,22/Jun/2013,Excellent teacher and excellent human being S
Es una gran doctora con mucha preparación en clase te das cuenta que ama la materia y quiere que puedas aprender todo lo necesario no solo para pasar sino también para que en un futuro puedas dedicarte a eso Te brinda apoyo en lo que sea que necesites Es la mejor,BUENO,10.0,10.0,FCQ/Cosmetología,9.5,30/Ago/2021,She's a great doctor with a lot of training in class. You realize she loves the stuff and she wants you to be able to learn everything you need not only to pass through but also so that in the future you can devote yourself to that. She gives you support in whatever you need. It's the best.
No te da tantos consejos antes de la lamina pero te da buena retroalimentación,REGULAR,6.0,6.0,Taller de Composición,8,01/Dic/2014,"It doesn't give you that many tips before the lamina, but it gives you good feedback."
Es estricto a la hora de calificar tus láminas pero eso hace que le eches ganas y hagas mejor las cosas para sacarte un buena calificación,BUENO,10.0,4.0,Expresión Gráfica con Instrumentos,10,16/Nov/2014,"It's strict when it comes to qualifying your prints, but that makes you win and do better to get a good grade."
no me gusto la quimica por este maestro,MALO,3.0,2.0,Quimica,3,21/Mar/2011,I don't like chemistry for this teacher.
con este profe ame quimica haha y le entendi muy bien y azzi,BUENO,10.0,10.0,quimica,10,07/Jul/2009,with this profe ame quimica haha and I understood him very well and azzi
Ninguno,MALO,2.0,2.0,Química,5,10/Sep/2008,None
"super buen profe otro como el no me voy a topar en toda mi viida desgraciadamenteUn poco serio en clase y muy estricto pero0 por fuera pfff lo mejor excelente persona tambien jaja me acuerdo de las charlas awww uno de los mejores de la 2 y le qedan 7 años eh chicass se lo qe les digo jajajja esta bien lindo xD qimica siiempreee jajaja
saludo0s el mejor y mi favoriito
saludoss",BUENO,10.0,10.0,qimica,10,30/Jul/2008,super good teacher another like him I will not bump into in all my life unfortunately a little serious in class and very strict but0 out pfff the best excellent person also haja remember the talks awww one of the best of the 2 and qedan 7 years eh girls I tell you what I tell you jajajja is very cute xD qimica siiempreee jaja greetings0s the best and my favorite greetings
"jaja ncheeee werkiillaa la de arriibaa sisii
amaabaa suss charlass aunkee un pkO mentiiroosiillo el tipO peroo wenoo
qmOqiieraaa jajaa


biies",BUENO,10.0,10.0,(L)quiimiiiqaaa,10,30/Jul/2008,jaja ncheee werkiillaa the one of arriibaa sisii loved his talks still a pkO mentiiroosiillo the tipO buto wenoo qmOqiieraaa jajaa biies
"super buen profe otro como el no me voy a topar en toda mi viida desgraciadamenteUn poco serio en clase y muy estricto pero0 por fuera pfff lo mejor excelente persona tambien jaja me acuerdo de las charlas awww uno de los mejores de la 2 y le qedan 7 años eh chicass se lo qe les digo jajajja esta bien lindo xD qimica siiempreee jajaja
saludo0s el mejor y mi favoriito
saludoss",BUENO,10.0,10.0,qimica,10,30/Jul/2008,super good teacher another like him I will not bump into in all my life unfortunately a little serious in class and very strict but0 out pfff the best excellent person also haja remember the talks awww one of the best of the 2 and qedan 7 years eh girls I tell you what I tell you jajajja is very cute xD qimica siiempreee jaja greetings0s the best and my favorite greetings
"haha si ess mui buennnn maestrooo
explika mui bienn sisii 
suu klace es exelenthe mm buenO aunqe ami iaa no m daa xkee iaa sali de laa prepaa 
peroo sii exelenthee maestroooo D
vdd fairyy hahaaahha jajjja D



biiesss",BUENO,10.0,10.0,quimiqaaaaa,10,30/Jul/2008,haha if you are mui buennn maestrooo explana mui bien sisii suu klace es exelenthe mm buenoO evene ami iaa no m daa xkee iaa sali de laa prepaa buto sii exelenthee maestrooo D vdd fairy hahaaahha jajjja D biiess
Tienes que apuntar todo lo que dice si quieres pasar sus exámenes ya que son de muy pocas preguntas y pueden ser desde algo muy sencillo que vendría por lógica en un examen hasta la pregunta que menos te imaginas de tus apuntes y en cuanto a dibujo se refiere a todo le pone mala calificación xD,MALO,3.0,4.0,Historia-Dibujo,N/A,14/May/2015,You have to write down everything that says if you want to pass your exams since they are very few questions and can be from something very simple that would come by logic in an exam to the question that you least imagine of your notes and as far as drawing refers to everything puts it bad grade xD
sus dichosos examenes quincenales son una burla casi casi es un examen al azar de nada sirve estudiar orque quien sabe de donde saque la informacion,MALO,3.0,2.0,naturaleza de la arquitectura,2,23/Nov/2012,Your blessed fortnightly exams are a mockery. It's almost a random test. It's no use studying.
el profesor nunca explica bien la clase y se queja de que tu como alumno no expones bien ee es raro,REGULAR,6.0,2.0,Naturaleza de la arquitectura,N/A,22/Nov/2012,the teacher never explains the class well and complains that you as a student do not expose well ee is rare
"Sinceramente es un profesor que no conoce la palabra método camino ya que no sabe cómo dar una verdadera clase esto lo digo porque la verdad no tiene una idea clara de cómo transmitir nuevos conocimientos a los estudiantes por lo tanto esto no lo hace ni siquiera un profesor regular sino que con todo respetolo hace un profesor ineficiente
Definición de Profesor Wikipedia Es quien se dedica profesionalmente a la enseñanza
Mi pregunta es existen profesores que no te enseñan nada",MALO,3.0,2.0,Naturaleza de la Arquietctura,5,18/Oct/2012,Honestly it is a teacher who does not know the word path method since he does not know how to give a real class this I say because the truth does not have a clear idea of how to transmit new knowledge to students therefore this does not even a regular teacher but that respectfully does an inefficient teacher Definition of Professor Wikipedia It is who is professionally dedicated to teaching My question is there are teachers who do not teach you anything
Es muy apasionado por la historia de la arquitectura probablemente desconozca como transmitirlo a los alumnos fui su alumno y me fue bastante bien,BUENO,10.0,10.0,Evaluación de la Arquitectura,10,11/Nov/2010,He's very passionate about the history of architecture. He probably doesn't know how to transmit it to the students. I was his student.
Buen Dia soy Arquitecto Egresado de esta Casa de Estudios Buen maestro solo a los que no les gusta tanto la arquitectura no pueden pasar con buenas calificaciones con este profesor asi que estudien las historia y les sara mas facil ser arquitectos,BUENO,8.0,6.0,Historia de la Arquitectura y Construccion,8.5,16/Ago/2010,Good Day I am Architect Graduated from this House of Studies Good teacher only those who do not like the architecture can not pass with good grades with this teacher so study the history and it will be easier to be architects
"Reprueva mas de la mitad del salon 
Estudiando pasas pero es muy dificil sacar alta calificacion",REGULAR,4.0,2.0,Arquitectura e identidad,1.5,03/Ago/2010,Reprove more than half of the living room Studying raisins but it is very difficult to get high qualification
ES UN CABRON LE MOLESTA TODO AL WEY SI DEJAS UNA MANCHITA DE CORRECTOR EN EL EXAMEN TE KITA 10 PUNTOS Y HACE KE HAGAS APUNTES EN UN SKETCHBOOK OSEA EL SKETCHBOOK ES PARA HACER BOCETOS NO APUNTES KE SANGRON ENCERIO,MALO,2.0,2.0,ARQUITECTURA Y CULTURA,6,08/Jun/2010,IT'S A CABRON TO MOLEST EVERYTHING TO THE WEY IF YOU LEAVE A CORRECTOR'S MACHINE AT THE KITA REVIEW 10 PUNTS AND DO KE HAGAS APUNTES AT A SKETCHBOOK HEARS THE SKETCHBOOK IS TO MAKE NO APUNTS KE BLOOD BOOTS ENGRON
ES LA PERSONA MAS ARROGANTE Y PEDANTE QUE HE CONOCIDO EN MI VIDA,MALO,2.0,2.0,CONSTRUCCION,N/A,23/Abr/2010,It's the most arrogant person I've ever known in my life.
noo metas ningunaa materiaa de preferenciaa al no ser de que te toque con galan o frutos,MALO,3.0,4.0,diseño,7.5,09/Mar/2010,No goals no material of preference unless it touches you with galan or fruits
ni en tus peores pesadillas lo imaginarias,MALO,2.0,2.0,construccion,N/A,12/Ago/2009,"Or in your worst nightmares, you'd imagine it."
La participación importa mucho debes tener algo del tema antes de su clase siempre pregunta,REGULAR,6.0,2.0,Quimica organica,6,08/Sep/2021,Participation matters a lot You must have some of the subject before your class always asks
Debes poner mucha atención  y estudiar En su clase importa mucho la participación eso te ayuda a pasar,REGULAR,6.0,2.0,FCQ/Orgánica,7.5,30/Ago/2021,"You have to pay a lot of attention and study. In your class, participation matters a lot. That helps you pass."
Explica bien y sabe del tema pero su forma de evaluar es muy meticulosa hasta difícil Al momento de dar revisión parece que se pone a la defensiva,BUENO,7.0,2.0,Derecho Internacional Comercial,5,27/May/2022,It explains well and knows the subject but its way of evaluating is very meticulous up to difficult At the time of review it seems to be getting defensive
Idependientemente de su calidad como profesora su calidad moral deja mucho que desear,MALO,2.0,2.0,Microbiología,9,05/Nov/2010,Regardless of their quality as a teacher their moral quality leaves much to be desired
Nada recomendable navega con doble banderaaguas para aquellos que equivocadamente la llaman la mamá de los LQInombre,MALO,2.0,2.0,Microbiología,N/A,09/Sep/2010,Nothing recommended sails with double water flags for those who mistakenly call her the LQI name's mom
Excelente,BUENO,10.0,8.0,Facultad de ciencias químicas,N/A,13/Oct/2008,Excellent.
Usualmente se revuelve al resolver tus dudas,BUENO,7.0,6.0,Cosmetología/ Q. alimentos,7.5,08/Sep/2021,It usually stirs up when you solve your doubts.
Confunde un poco al momento de aclarar dudad En clase a veces utiliza el tiempo para acomodar sus calendarios y no cuadra muy bien el tiempo Explica bien pero a veces revuelve y en exámenes debes ser muuy claro al momento de explicar una respuesta,REGULAR,5.0,6.0,FCQ/Orgánica,8,30/Ago/2021,It confuses a little at the time of clearing doubted In class sometimes it uses time to accommodate its calendars and does not fit very well the time It explains well but sometimes stirs and in exams you must be very clear at the time of explaining an answer
Me parecio una clase muy dinamica amena y bastante ilustrativa felicitaciones al Dr Bernardo por su metodologia de enseñanza,BUENO,10.0,8.0,Imagenologia,10,08/Dic/2009,I thought it was a very dynamic and quite illustrative class congratulations to Dr. Bernardo for his methodology of teaching
Siga usted de la misma manera que hasta ahora recuerde que somos alumnos y necesitamos explicaciones segun nuestro nivel lo felicito por su aspecto fisico esta usted muuy bien cuidado,BUENO,10.0,10.0,i,N/A,23/Jun/2009,Follow you in the same way that so far remember that we are students and we need explanations according to our level I congratulate you on your physical appearance you are very well cared for
"Pues me agrada mucho la forma de dar clase sobre todo por que nos da informacion necesaria y casos clinicos de como aplicar lo aprendido
Me hubiera gustado que hubiese podido ir a todas las clases",BUENO,10.0,8.0,imagenologia,10,21/Jun/2009,"Well, I really like the way you teach especially because you give us necessary information and clinical cases of how to apply what you learned. I wish I could have gone to all the classes."
excelente profesor muy paciente para explicar nos incita a razonar,BUENO,10.0,10.0,lab rayos,10,19/Jun/2009,excellent teacher very patient to explain prompts us to reason
Excelente maestro explica muy bien igual que los demas me gustaria que no faltara tanto,BUENO,10.0,10.0,Lab Rayos,N/A,03/Jun/2009,Excellent teacher explains very well as the others I would like not to miss so much
Excelente maestro siempre da muy buenas explicaciones y da todo a entender y tiene mucha paciencia y excelente sentido del humor,BUENO,10.0,10.0,Lab. de Radiologia,10,03/Jun/2009,Excellent teacher always gives very good explanations and gives everything to understand and has a lot of patience and excellent sense of humor
me gusta mucho su clase pero solo no falte tanto,BUENO,10.0,10.0,laboratorio de rayos,10,01/Jun/2009,"I really like his class, but just don't miss so much."
Nada más ya no falte tanto a las clases de laboratoriopor favor ,BUENO,10.0,10.0,Lab rayos,10,01/Jun/2009,"Just don't miss the lab lessons so much, please."
Es geniaaaaaaal,BUENO,10.0,10.0,Rayos,N/A,01/Oct/2008,It's greataaaaaaaaaaaaaaaaaaaaaaaaaaaaaaaaaaaaaaaaaaaaaaaaaaaaaaaaaaaaaaaaaaaaaaaaaaaaaaaaaaaaaaaaaaaaaaaaaaaaaaaaaaaaaaaaaaaaaaaaaaaaaaaaaaaaaaaaaaaaaaaaaaaaaaaaaaaaaaaaaaaaaaaaaaaaaaaaaaaaaaaaaaaaaaaaaaaaaaaaaaaaaaaaaaaaaaaaaaaaaaaaaaaaaaaaaaaaaaaaaaaaaaaaaaaaaaaaaaaaaaaaaaaaaaaaaaaaaaaaaaaaaaaaaaaaaaaaaaaaaaaaaaaaaaaaaaaaaaaaaaaaaaaaaaaaaaaaaaaaaaaaaaaaaaaaaaaaaaaaaaaaaaaaaaaaaaaaaaaaaaaaaaaaaaaaaaaaaaaaaaaaaaaaaaaaaaaaaaaaaaaaaaaaaaaaaaaaaaaaaaaaaaaaaaaaaaaaaaaaaaaaaaaaaaaaaaaaaaaaaaaaaaaaaaaaaaaaaaaaaaaaaa
Es muy buena profesoray como todos es muy estricta pero esa rectitud ayuda mucho en los examenes Es muy regañona a veces grocerilla pero sin duda alguna te vas a acordar de ella cad vez que presentes algo nde su materaSin duda es muy buena maestra,BUENO,8.0,10.0,Artes y humanidades y ciencias sociales,9,25/Jul/2008,She's a very good teacher and like everyone else she's very strict but that righteousness helps a lot in the exams She's very scolding sometimes grizzly but without a doubt you'll remember her once you present something about her math. She's certainly a very good teacher.
Es barco en esas materias la he tenido en las dos materias se la pasa leyendo sus presentaciones con una flojera lo que suele encargar son laminas de cascaron con información del tema pero pide muchas imágenes es fácil pasar con ella solo entra y haz las laminas pero es aburrida en clases,BUENO,7.0,10.0,Arquitectura y Cultura (o Sociedad),N/A,11/Dic/2017,It is boat in these matters I have had it in the two subjects it spends reading their presentations with a looser what it usually order are laminas of shellron with information of the topic but it asks many images it is easy to pass with it only enters and do the laminas but it is boring in classes
Más objetiva a la hora de calificar,REGULAR,4.0,4.0,Biología Molecular,7,04/Dic/2012,More Objective in Qualifying
Hace su clase muy entendible y usa ejemplos que hace la clase muy divertida sin salirse del tema te invita a indagar más sobre los temas que enseña en clase te inspira para escribir tus propios textos y te apoya en lo que necesites muy buen maestro,BUENO,10.0,10.0,Expresión Oral y Escrita,9.5,30/May/2023,It makes its class very understandable and uses examples that make the class very fun without getting out of the subject invites you to investigate more about the topics that it teaches in class inspires you to write your own texts and supports you in what you need very good teacher
Es un buen profesor de instalaciones el cual no valore cuando tuve clases con el y ahora hasta sus apuntes busco,BUENO,10.0,10.0,Instalaciones,8,25/Ago/2016,He's a good facility teacher who doesn't value when I had classes with him and now even his notes I'm looking for
Es un buen profesor aunque es necesario agarrarle la manera de trabajar y tener un buen equipo de trabajo yo he estado con el en las tres instalaciones y me ha ido bien y ahorita me parece mas fácil su materia,BUENO,8.0,4.0,Instlaciones,8,16/Mar/2015,He is a good teacher although it is necessary to get the way to work and to have a good team of work I have been with him in the three facilities and it has gone well and now seems easier to me his matter
Muy buen maestro sabe mucho Aunque sus examenes si son muy difíciles,BUENO,9.0,8.0,Instalaciones,N/A,11/Jul/2014,Very good teacher knows a lot although his exams are very difficult
"Dependiendo de la materia te explicará o no a mi experiencia he aprendido con él pero me cuentan que en otras materias no explica espera que tú entiendas todo a partir de sus copias
Necesita actualizar un poco su método de trabajo y hacerse de otros exámenes que siempre usa los mismos",REGULAR,4.0,4.0,Instalaciones hidrosanitarias,6.5,25/Mar/2014,Depending on the subject you will explain it or not to my experience I have learned with it but tell me that in other subjects it does not explain hope that you understand everything from its copies You need to update a little your working method and make other tests that always use the same ones
Creo que muchas generacines hemos pasado por esos tediosos libretos de mas de 500 hojas que encarga no se ahora si ya cambio su metodo pero fue mi calvario esa materia aunque gracias a eso aprendi lo que ahora se osea nada pd es broma Gracias arq Jinez,REGULAR,6.0,2.0,INSTALACIONES,7,22/Dic/2010,I think a lot of generacines have gone through those tedious notebooks of more than 500 sheets that he orders. I don't know now if I've changed his method but it was my ordeal that matter although thanks to that I learned what is now known as nothing pd is joke Thank you arq Jinez
Si enseña bien nada mas que es algo complicado el señor muy metodico,REGULAR,6.0,4.0,instalaciones,7,02/Mar/2009,If you teach well nothing more than that it is complicated the very methodical lord
ai nooo la muerte con ese hombre ademas siempre andaba crudo y alucinaba bien cañon,REGULAR,5.0,2.0,instalaciones,7,03/Nov/2008,Ai nooo death with that man besides always was raw and hallucinated well cannon
muy impredescible,BUENO,9.0,2.0,instalaciones,8,01/Nov/2008,very imprescible
algo meticuloso pero si aprende uno  solo que se actualize por q derrepnete enseñaba cosas muy obsoletas y que ya tenian rato de haber salido del mercado saludos,BUENO,8.0,8.0,Instalaciones,9,30/Oct/2008,something meticulous but if one learns only that it is updated by q derepnete taught very obsolete things and that they had time to have come out of the market greetings
ja la neta pasar con el esta cañon pero si explica bien otra cosa es k nadie lo pele jajaja y seamos unos huevones jaa,BUENO,8.0,4.0,Instalaciones,N/A,30/Oct/2008,Ha the net pass with this cannon but if it explains well another thing is k no one fights it haha and let's be an egg jaa
me hizo la carrera imposible,MALO,2.0,2.0,instalaciones,0.5,30/Oct/2008,It made the race impossible for me.
empinado el vato,MALO,2.0,2.0,instalaciones,0.5,19/Ago/2008,steeped the vato
estan deweba sus libreto  y massus graficas de vientos y asoleamiento,REGULAR,4.0,2.0,instalaciones,N/A,19/Ago/2008,They're deweba their notebooks and massus wind graphs and sunbathing
KE FLOJERA ME DA,MALO,2.0,10.0,INSTALACIONES,7,11/Jul/2008,KE FLOJERA GIVES ME
Que Mieedoooo,MALO,2.0,2.0,Instalaciones,N/A,11/Jul/2008,That wee-dooo-o-o-o-o-o-o-o-o-o-o-o-o-o-o-o-o-o-o-o-o-o-o-o-o-o-o-o-o-o-o-o-o-o-o-o-o-o-o-o-o-o-o-o-o-o-o-o-o-o-o-o-o-o-o-o-o-o-o-o-o-o-o-o-o-o-o-o-o-o-o-o-o-o-o-o-o-o-o-o-o-o-o-o-o-o-o-o-o-o
buuuuuuuuuuuuuuuu,MALO,2.0,2.0,instsalaciones,7,11/Jul/2008,♪ ♪ Whoo-hoo-hoo-hoo-hoo-hoo ♪
Es obsoletisimo,MALO,2.0,2.0,Instalaciones,7,19/Jun/2008,He's obsolent.
Estricto,REGULAR,4.0,2.0,Instalaciones,7.5,19/Jun/2008,Strict
Excelente maestro,BUENO,10.0,6.0,Español III,9.5,10/Jun/2014,Excellent teacher.
Es el mejor profe de comunicacion que me ha dado,BUENO,10.0,10.0,Comunicacion,9.5,07/Mar/2009,He's the best communication teacher he's ever given me.
z chidoooo,BUENO,10.0,10.0,comunicacion y lenguaje,N/A,20/Ago/2008,z chidooooo
ES LO MEHOOORRRR,BUENO,10.0,10.0,cOmunicaciOn y lenguaje,N/A,20/Ago/2008,IT'S THE MEHOOORRRR
Es genial,BUENO,10.0,10.0,COmunicacion y lenguaje,N/A,20/Ago/2008,That's great.
El mejor profesor de Comunicación y Lenguaje que existe en el mundo,BUENO,10.0,10.0,Comunicación y Lenguaje,N/A,20/Ago/2008,The best professor of communication and language in the world
LO OODIOOOOO,MALO,2.0,2.0,Comunicacion y lenguaje,5.5,24/Jun/2008,OODIOOOOOOOOOOOOOOOOOOOOOOOOOOOOOOOOOOOOOOOOOOOOOOOOOOOOOOOOOOOOOOOOOOOOOOOOOOOOOOOOOOOOOOOOOOOOOOOOOOOOOOOOOOOOOOOOOOOOOOOOOOOOOOOOOOOOOOOOOOOOOOOOOOOOOOOOOOOOOOOOOOOOOOOOOOOOOOOOOOOOOOOOOOOOOOOOOOOOOOOOOOOOOOOOOOOOOOOOOOOOOOOOOOOOOOOOOOOOOOOOOOOOOOOOOOOOOOOOOOOOOOOOOOOOOOOOOOOOOOOOOOOOOOOOOOOOOOOOOOOOOOOOOOOOOOOOOOOOOOOOOOOOOOOOOOOOOOOOOOOOOOOOOOOOOOOOOOOOOOOOOOOOOOOOOOOOOOOOOOOOOOOOOOOOOOOOOOOOOOOOOOOOOOOOOOOOOOOOOOOOOOOOOOOOOOOOOOOOOOOOOOOOOOOOOOOOOOOOOOOOOOOOOOOOOOOOOOOOOOOOOOOOOOOOOOOOOOOOOOOOOOOOOOOOOO
cae mal te quiere mandar a segundas por 3 faltas pone muchas reglas para la clase y ni le sabe a la metería pierde mucho tiempo con las presentaciones,BUENO,7.0,6.0,Análisis de datos para la toma de decisiones,N/A,29/Ene/2022,He wants to send you to second place for three fouls he puts a lot of rules for the class and he doesn't even know how to get into it he's wasting a lot of time with the presentations.
Es un profesor muy bueno Escribe muchos libros pero también sabe transmitir lo que sabe en la clase Ojala vuelva a tomar clases con el,BUENO,10.0,10.0,Derecho Administrativo,8.5,18/Jun/2020,He is a very good teacher He writes many books but also knows how to transmit what he knows in the class.
"Excelente docente y excelente persona
Espero volver a tomar clases con él 100",BUENO,10.0,10.0,Derecho Constitucional,24,01/Nov/2019,Excellent teacher and excellent person I hope to take classes with him again 100
Es un excelente profesor y abogado de nuestro país La verdad que es un gusto y un honor tenerlo como docente en la FCPyRI,BUENO,10.0,10.0,Derecho Administrativo!,10,29/Oct/2019,He is an excellent teacher and lawyer from our country The truth is that it is a pleasure and an honor to have him as a teacher at the FCPyRI
Muy bueno,BUENO,10.0,10.0,DErecho Internacional,7,04/Mar/2019,Very good.
A pesar de que es abogado es uno de los mejores maestros en la Facultad de Ciencias Políticas tomando en cuenta la cantidad de maestros mediocres que hay en la UANL,BUENO,10.0,10.0,Relaciones Internacionales,8.5,22/Nov/2016,Although he is a lawyer he is one of the best teachers in the Faculty of Political Sciences taking into account the number of mediocre teachers in the UANL
El mas sexy de la UANL,BUENO,9.0,8.0,argumentacion y discurso juridico,10,31/Jul/2016,The sexiest of the UANL
Muy buen profesor,BUENO,9.0,8.0,Derechos Fundamentales,9.5,20/Jul/2016,Very good teacher.
Al principio piensas que es alguien serio y con carácter fuerte sin embargo explica muy bien y siempre explica el porque de las cosas En verdad ha hecho que me interese más por la Nefrología,BUENO,10.0,10.0,Discusión/Nefrología,23,08/Mar/2016,At first you think it's someone serious and strong character yet it explains very well and always explains why of things It really has made me more interested in nephrology
de los verdderos maestro que ha tenido la fac de arquitectura de la uanlvolveria a inscribirme con elsoy exalumno de 1974,BUENO,10.0,10.0,urbanismo,9.5,23/Sep/2019,of the verdaderos maestro that has had the fac of architecture of the uanlvolve to register with the former student of 1974
Es muy ameno es un profesos que se nota que tiene un conocimiento impresionante puede que repruebe al 70 de su clase pero los que si pasaron les doy por seguro que si aprendieron,BUENO,10.0,2.0,Arquitectura y cultura,8,22/Jul/2018,"It's very pleasant. It's a professor who can tell that he has an impressive knowledge. He may reprove 70 of his class. But those who passed by, I'm sure that if they learned."
fue mi maestro de maestros en 1770,BUENO,10.0,10.0,URBANISMO,10,05/Sep/2015,was my teacher in 1770
Es un maestro con el que pasa el que quiere realmente no es tan dificil si te organizas bien y me parece que da su clase de forma entretenida,BUENO,8.0,8.0,Arquitectura y Cultura,8.5,01/Dic/2014,He's a teacher he wants to spend with. It's really not that hard if you get organized well and I think he gives his kind of entertaining way.
"De los maestros con los que más he aprendido te puedes llevar excelente con él pero no por eso pasarás debes aplicarte así aprenderás y pasarás
Su metodología de enseñanza es buena y te ayuda a entender mejor los temas",REGULAR,6.0,4.0,"Historia de la Arquitectura, Urbanismo",9.5,25/Mar/2014,From the teachers with whom I have learned the most you can get excellent with him but not by that you must apply yourself so you will learn and pass His teaching methodology is good and helps you to better understand the topics
Excelente maestro excelente clase siempre amena y llena de conocimiento y experiencias que comparte el Arqui Explica algunos temas de forma muy subjetiva a veces pero siempre lo refuta con conocimientos objetivos En su clase tu te ganas tu calificación,BUENO,10.0,4.0,"Historia de la Arq., Estética, Urbanismo",9,16/Abr/2013,Excellent master excellent class always pleasant and full of knowledge and experiences shared by the Archi Explains some topics very subjectively sometimes but always refutes it with objective knowledge In his class you earn your qualification
Es muy buen maestro aunque en sus clases debes aplicarte si pasas con el es que aprendiste,BUENO,9.0,4.0,Arq y Cul,2,30/Ago/2012,"He's a very good teacher, although in his classes you have to apply yourself if you go through with the one you learned."
Sintetiza mucho y enfatiza mucho su propio criterio y coarta el analisis de los alumnos aunque facilita mucho su cronología Y me debe algunos libros que preste,REGULAR,6.0,8.0,Diseño urbano,8,11/Nov/2010,He synthesizes a lot and emphasizes his own judgment and restricts the analysis of the students although he greatly facilitates his chronology and owes me some books that he lends
Su clase es divertida y aprendes mucho,REGULAR,6.0,4.0,Estetica de la Arquitectura,7.5,24/Jun/2010,His class is fun and you learn a lot
"hah el proofe tomass hahaha
nchee rebaa kn ell tdooo un añoo sisiii
kaiiaa bn el tipo siis P",BUENO,10.0,10.0,matematicass,10,30/Jul/2008,hah proofe tomass hahaha nchee rebaa kn ell tdooo a yearo sisiii kaiiaa bn type siis P
Es buen profesor y muy didáctico,BUENO,10.0,2.0,Residencia rayos X,8.5,12/May/2011,He is a good teacher and very didactic
Maestro muy accesible y te puede explicar hasta 100 veces las cosas,BUENO,9.0,10.0,Calculo Diferencial e Integral,9.5,17/Ago/2017,Teacher very accessible and can explain up to 100 times things
"no hay un mejor maestro de matematicas
me siento muy orgulloso de haber sido su alumno
RAP",BUENO,10.0,10.0,Calculo diferencial,10,22/Mar/2009,There's no better math teacher. I'm very proud to have been your RAP student.
Uno de los mejores maestros de la prepa y de toda la familia universitaria super recomendable seria un honor pra cualquiera,BUENO,10.0,10.0,Matematicas,10,25/Jul/2008,One of the best teachers of the high school and the entire university family super recommended would be an honor to anyone
Muy buen maestro  ya que  cubre todos los temas a explicar y sus examenes tratan de lo k se ve en clase   aunque eso no deja k varios repureben la materia ,BUENO,10.0,10.0,Calculo,10,26/Sep/2010,Very good teacher as he covers all the topics to explain and his exams deal with what k is seen in class although that does not let k several reprove the matter
excelennte docente y persona,BUENO,10.0,10.0,redaccion,10,06/Abr/2011,excellent teacher and person
No explica nada da por hecho que ya sabes hacer todo y califica medio pesado Puedes no hacer nada en la clase,REGULAR,4.0,6.0,Bocetos,N/A,15/Dic/2019,It doesn't explain anything for sure that you already know how to do everything and qualifies half heavy You can do nothing in class
Es muy pesada si la pasé pero fue llevándole todas las laminas y aun así califica duro como para batallar para pasar,REGULAR,5.0,2.0,Bocetos,7,01/Jul/2019,"It's too heavy if I've had it, but he's taken all the lamina and yet he qualifies hard enough to fight to get past it."
Falta mucho y siempre quiere acabar antes que los demás profesores nada recomendable,REGULAR,4.0,4.0,Taller,8,25/Jun/2019,There is a long way to go and he always wants to finish before the other teachers.
La materia es de posgrado previa a la redacción de la tesina La clase fue muy práctica con muy buena retroalimentación por parte del profesor Lo recomiendo ampliamente,BUENO,9.0,8.0,Proyecto Estratégico de Sistemas de Prevención,9.5,24/Nov/2020,The subject is postgraduate prior to the writing of the tesina The class was very practical with very good feedback from the teacher I highly recommend it
si quieren ser unos psicologos mediocres no pasen por su materia,BUENO,7.0,2.0,historia,9,06/Nov/2009,"If you want to be a mediocre psychologist, don't go through your stuff."
Muy estricta muy confusa,MALO,2.0,2.0,Historia de la Psicologia,8.5,18/Jun/2008,Very strict very confused
"En realidad no explica muy bien nadie le entiende por eso no lo recomiendo
Y hace malos calculos con las calificaciones por eso hay gente que reprueba",MALO,3.0,2.0,Proyección cilindrica,N/A,14/Sep/2015,It doesn't really explain very well. No one understands why I don't recommend it. And it makes bad calculations with grades. That's why there are people who reprove.
"Maestro algo abajo del promedio uno puede notar que sabe mucho pero no es un maestro del todo bueno Yo aprendí con él lo necesario pero sé de algunos que no aprendieron nada
Estudia tus apuntes para el examen y entregas trabajos y pasarás en un par de semestres te olvidarás de él",REGULAR,4.0,6.0,Procesos de construcción,7.5,25/Mar/2014,Teacher something below average one may notice that he knows a lot but he is not a teacher at all good I learned with him what is necessary but I know from some who did not learn anything Study your notes for the exam and deliver jobs and you will spend in a couple semesters you will forget about him
Seguido pierde tus exámenes y no hace nada por encontrarlos o de plano se le olvida Te promete sus clásicos 15 puntos si nunca faltas para después inventarte faltas y no dártelos Sus explicaciones son confusas y nunca esta disponible para aclaraciones o revisiones,MALO,2.0,6.0,Procesos de Construccion 2,5.5,24/Jun/2010,He then loses your exams and does nothing to find them or he forgets flat You promise his classic 15 points if you never miss to later invent faults and not give them to you His explanations are confusing and it is never available for clarifications or revisions
poco profesional y no se da a dialogar para despejar dudas,MALO,2.0,2.0,acero,7,29/Jul/2020,unprofessional and is not given to dialogue to clear doubts
nada profesional te chinga porque quiere cuando se enoja no importa si eres buen alumno y entregas tus trabajos bien si está enojado te hace firmar reprueba por razones estúpidas y no está para dialogar,REGULAR,5.0,2.0,Acero,N/A,23/Abr/2020,It's not professional to fuck you because he wants when he gets angry it doesn't matter if you're a good student and you deliver your jobs well if he's angry he makes you sign retest for stupid reasons and he's not here to talk
si no quieres que te recuerden lo pend que estas aveces jamas la metan con el es lo peor muy pesadas sus clases pero si estas enamorado de la carrera puedes aprender mucho,REGULAR,6.0,2.0,construccion,7,03/Ene/2011,If you don't want to be reminded of how much these sometimes never mess with him it's the worst very heavy his classes but if you're in love with the race you can learn a lot
Buen maestro deberia dejar de limitar al arquitecto e ir más alla de un simple proceso para lograr un resultado de un problema y enseñarnos a analizar las condiciones y el metodo a resolver x problemas para pasar la materia en la carrera si vale la pena para aventar al alumno al campo falta mucho,BUENO,8.0,6.0,Estructuras,7,11/Nov/2010,Good teacher should stop limiting the architect and go beyond a simple process to achieve a result of a problem and teach us to analyze the conditions and the method to solve x problems to pass the matter in the race if it is worth to throw the student to the field is long overdue
"alguna vez imaginaste reprobar desde el incio de semstre pues no lo hagas mas eso si seras un semi dios en sistemas 

mejor conocido como chori",BUENO,7.0,2.0,sistemas estructurales,8.5,13/Ago/2009,You ever imagined failing from the beginning of the semester because don't do it anymore if you're going to be a semi-god in systems better known as chori.
Lo recomiendo solamente porque con el dejar la materia es demasiado complicado porque te ayuda de mil maneras a que la pases aunque no aprendiste nada en el semestre,REGULAR,6.0,8.0,Metodología de la Investigación,8.5,01/Dic/2014,I recommend it only because leaving the matter is too complicated because it helps you in a thousand ways to pass it even though you didn't learn anything in the semester.
"Buen maestro pero si es egocemtrico
Es facil pasar con el siempre y cuando hagas las tareas el examen no lo pone algo complicado pero regala puntos extras 
encarga lecturas depende si te gusta leer o no para meterlo con el ya que tambien sabe sobre la materia",REGULAR,4.0,8.0,Habilidades cognitivas y COE,7.5,01/Ago/2010,Good teacher but if it is egocemtric It is easy to pass with him as long as when you do the tasks the exam does not make it something complicated but gives extra points orders readings depending on whether you like to read or not to put it with him since he also knows about the matter
Es un egocéntrico que en su clase solo se idolatra mas Sus tareas son reseñas de películas e investigaciones de aspectos socioculturales,MALO,2.0,8.0,Cultura Regional,8.5,24/Jun/2010,It is an egocentric who in his class only idolizes more His tasks are film reviews and research of sociocultural aspects
De los mejores maestros que tuve en la  Preparatoria 2,BUENO,10.0,10.0,Física,9,10/Jun/2022,Of the best teachers I had in High School 2
gracias profe,BUENO,10.0,10.0,fisica,10,28/Ene/2011,"Thank you, Professor."
Excelente no hay nadie que se le compare,BUENO,10.0,10.0,Fisica,10,04/Jun/2009,There's no one to compare it to.
he rocks ,BUENO,10.0,10.0,fisica,10,26/Jul/2008,he rocks
es supeeer genercion 20032005,BUENO,10.0,10.0,fisica,10,25/Jul/2008,en sudeer genercion 20032005
EL MEJOR DE MONTERREY,BUENO,10.0,10.0,fisica,10,25/Jul/2008,THE BEST MONTERREY
Bastante meeehh,MALO,2.0,10.0,Patología,9,10/Ago/2022,Pretty meeehh.
Muy buen doctor asegúrate de leer antes el capitulo de la clase ya que pregunta abiertamente y entra mucho a debate Tomaría su clase de nuevo exámenes fáciles y te deja todo super entendible,BUENO,10.0,10.0,Patología oral I,23,04/Nov/2021,Very good doctor make sure to read the chapter of the class first as it asks openly and gets into a lot of debate I would take your class again easy exams and leave you all super understandable
excelente dra,BUENO,10.0,10.0,rayos,N/A,07/Mar/2010,excellent dr
persona que se desembuelve muy bien ante los grupos y que hace incapie en la importancia de la materia asi de como la pereza no cabe en la actitud como medico,BUENO,10.0,10.0,Imagenologia,10,21/Mar/2009,a person who takes a good stand in front of the groups and makes the importance of matter as well as laziness does not fit in the attitude as a doctor
"Le gusta preguntar el por qué de las cosasa para que razonemos sabiendo qué estudio pedir y qué debemos buscar en base a nuestro dx presuntivo
Gracias",BUENO,10.0,10.0,Imagenologia,9,02/Jul/2008,He likes to ask why of thingsa so that we reason knowing what study to ask for and what we should look for based on our presumptive dx Thank you
Solo entrega todas las tareas que encargue y ya la hiciste Explica muy claro pero eso si puede ser algo aburrida la clase asi que concentrate lo mas posible,BUENO,10.0,6.0,estatica,9,13/Sep/2014,"Just hand over all the chores you ordered and you already did. Explain very clearly, but that can be a bit boring in class, so concentrate as much as possible."
Muy buen profesor se le entiende todo,BUENO,10.0,6.0,Estatica,8.5,30/Ago/2012,Very good teacher you understand everything
Puedes saber nada y pasar pero es aleatoria depende del humor del profesor,REGULAR,6.0,6.0,Resistencia de Materiales,7,24/Jun/2010,You can know nothing and pass but it's random depending on the teacher's mood
Explica bienconoce lo que dice,BUENO,10.0,4.0,Biologia Molecular,9,10/Oct/2008,Explains well know what it says
Excelente maestro,BUENO,10.0,8.0,Excelente,10,06/Ago/2014,Excellent teacher.
"EXCELENTE MAESTRO DE LA UANL
LA FIC NECESITA GENTE COMO EL
SE PREOCUPA POR EL ALUMNO A QUE TENGA
UN MEJOR DESARROLLO COMO ESTUDIANTE Y LE INTERESA QUE EL ALUMNO SE INVOLUCRE EN LA INVESTIGACIÓN",BUENO,10.0,6.0,PRESAS,10,18/Nov/2014,EXCELLENT MASTER OF THE UANL THE FIC NEEDS PEOPLE AS THE PEOPLE WORRIED FOR THE BETTER DEVELOPMENT AS A STUDENT AND INTERESTED IN THE INVESTIGATION
exlente ingeniero sus clases son muy accesibles la forma de llevar el semestre me agrada lo recomiendo por que aparte de eso aprendes,BUENO,10.0,10.0,Ingenieria de Recursos hidraulicos,9,26/May/2014,Excellent engineer your classes are very accessible the way to wear the semester I like it I recommend it because other than that you learn
muy buen profesor se esmera en que el alumno entienda lo que quiere dar a entender y siempre tiene una actitud muy positiva y el deseo de enseñar,BUENO,9.0,6.0,recursos hidraulicos,9.5,27/Abr/2014,very good teacher strives for the student to understand what he wants to imply and always has a very positive attitude and the desire to teach
Excelente profesor explica con claridad los temas vistos en clase y así como el desarrollo de lo mismo en el ámbito profesional,BUENO,9.0,8.0,Hidráulica,9,22/Abr/2014,Excellent teacher explains clearly the topics seen in class and as well as the development of the same in the professional field
Muy buen maestro muy claro y enseña lo necesario no cosas q no ocupas excelente,BUENO,9.0,6.0,Hidráulica,9,15/Abr/2014,Very good teacher very clear and teaches what is necessary not things you do not occupy excellent
Buen maestro comparte mucho su experiencia profesional,REGULAR,6.0,6.0,Ingeniería de Recursos Hidraulicos,8.5,14/Abr/2014,Good teacher shares a lot of professional experience
Un excelente maestro En mi punto de vista se preocupa mucho por el alumno,BUENO,9.0,6.0,Hidráulica,9,12/Abr/2014,An excellent teacher In my view he cares a lot about the student
Muy buen ingeniero explica muy bien sus clases aunque se puede mejorar más,BUENO,8.0,6.0,Hidráulica,9,12/Abr/2014,Very good engineer explains his classes very well although you can improve more
De los pocos maestros que de verdad se preocupan por sus alumnos y su futuro Se lleva muy bien con todos sus alumnos y esta dispuesto a asesosarlos en cualquier momento,BUENO,10.0,8.0,Hidraulica,N/A,12/Abr/2014,Of the few teachers who really care about their students and their future He gets along very well with all his students and is willing to murder them at any time
Maestro que se preocupa por el alumno y sus clases son muy buenas en verdad,BUENO,10.0,6.0,Hidraulica,9.5,12/Abr/2014,Teacher who cares about the student and his classes are really very good
Aparte de dar una buena clase se preocupa mas por el alumno que por dar su clase excelente aspecto ,BUENO,9.0,8.0,Hidraulica,10,12/Abr/2014,Apart from giving a good class he cares more about the student than about giving his class excellent appearance.
excelente maestro,BUENO,9.0,6.0,Recursos Hidraulicos,9.5,11/Abr/2014,excellent teacher
Excelente maestro,BUENO,10.0,6.0,Hidraulica,10,11/Abr/2014,Excellent teacher.
El mejor maestro de la Facultad,BUENO,10.0,8.0,hidráulica,10,30/Oct/2013,The best teacher in the Faculty
muy recomendable profesor excelente,BUENO,10.0,6.0,hidraulica basica,N/A,23/May/2013,highly recommended excellent teacher
Sería bueno que se hicieran más problemas como los que vienen en el exámen en clase ya que nos servirían para prácticar los temas y en caso de tener dudas responderlas ahí mismo,BUENO,9.0,8.0,Hidráulica,N/A,04/Mar/2013,It would be good if more problems were made like those that come on the exam in class as they would serve us to practice the topics and in case of doubts to answer them right there.
DEBERÍA PROFUNDIZAR UN POCO MAS A LOS TEMAS POR QUE EN OCASIONES DEJA COSAS AL AIRE O INCOMPLETAS SOLO ESO PUES LOS CONOCIMIENTOS LOS TIENE Y CUANDO EXPLICA UN TEMA Y LO PROFUNDIZA O SIMPLE MENTE LO CONCLUYE SE ENTIENDE MUY BIEN,BUENO,9.0,6.0,INGENIERIA DE RECURSOS HIDRAULICOS,N/A,04/Mar/2013,I SHOULD PROFESSE A LITTLE MORE TO THE ITEMS BECAUSE IN OCCASIONS IT LEAVES THINGS TO THE AIR OR UNCOMPLIES ONLY THAT THE KNOWLEDGE HAS THEM AND WHEN EXPLAINING A THEME AND PROFOUNDS IT OR SIMPLELY CONCLUDES IT VERY WELL
Es muy buen ingeniero realiza las clases muy dinámicas y trata de ponernos cosas que veremos a la hora de ejercer nuestra carrera profesional,BUENO,9.0,6.0,Ingenieria de los recursos hidráulicos,9,02/Mar/2013,He's a very good engineer. He does the very dynamic classes and tries to put on things we'll see when it comes to exercising our professional career.
es un excelente maestro sus comentarios yo consejos son muy acertados sus clases son muy dinamicas e interesantes motiva mucho a sus alumnos,BUENO,10.0,8.0,hidraulica,9,02/Mar/2013,is an excellent teacher your comments I tips are very successful your classes are very dynamic and interesting motivates your students a lot
Muy buen profesor e ingeniero y se apega a las necesidades de los estudiantes cosa que casi nadie hace gracias por hacer eso,BUENO,10.0,6.0,Rec. Hid,9.5,02/Mar/2013,Very good teacher and engineer and adheres to the needs of students which almost nobody thanks for doing that
conoce mucho de la hidráulica y motiva al alumno a estudiarla y despierta el gusto por ésta,REGULAR,6.0,6.0,hidráulica,N/A,25/Sep/2012,knows a lot about hydraulics and motivates the student to study it and awakens the taste for it
Muy buen maestro siempre buscando la manera de apoyar tanto al alumno como al grupo entero,BUENO,10.0,6.0,"Recursos Hidráulicos, Hidráulica",9.5,25/Sep/2012,Very good teacher always looking for the way to support both the student and the entire group
"Muy buen maestro practico
Solo le falta ir un poco más despacio en clase",BUENO,9.0,8.0,Hidráulica,9,24/Sep/2012,Very good teacher practice Just need to go a little slower in class
Es buen maestro solo que aveces no deja en claro algunas cosas pero también muy accesible si necesitas ayuda con la materia en horas fuera de clase,BUENO,7.0,6.0,Recursos Hidraulicos,8,24/Sep/2012,It's a good teacher only sometimes doesn't make a few things clear but also very accessible if you need help with the matter in hours out of class.
Es una persona que tiene mucho interés en la superación del alumno lo e notado ya que hace que nos involucremos más en nuestra carrera además sus clases las hace ver interesantes y agradables solo que algunas veces siento que no tiene una gran claridad con respecto a la elaboración de problemas,BUENO,7.0,4.0,hidráulica,9,23/Sep/2012,It is a person who has a lot of interest in overcoming the student what and noticed as it makes us get more involved in our career plus their classes make them look interesting and pleasant only that sometimes I feel that it does not have a great clarity regarding the elaboration of problems
Es un excelente maestro muy conocedor y que brinda mucho apoyo al alumno te da muchas herramientas para que puedas aprenderla verdad hize buena eleccion al poner una materia con el,BUENO,10.0,6.0,Hidraulica,N/A,23/Sep/2012,He is an excellent master who is very knowledgeable and who gives much support to the student gives you many tools so that you can learn the truth made good choice by putting a subject with the
Buen maestro apoya mucho al alumno,BUENO,10.0,6.0,Hidraulica,10,22/Sep/2012,Good teacher very much supports the student
Su carácter deja mucho que desear,BUENO,7.0,2.0,Derecho Mercantil,8.5,30/Ago/2019,His character leaves much to be desired
Muy buena maestra la verdad,BUENO,10.0,10.0,Derecho Civil,7.5,24/Oct/2017,Very good teacher the truth
Buena maestra solo haces 5 tareas dos exposiciones y 3 exámenes muy sencillos No es difícil pasar con ella,BUENO,10.0,10.0,Contexto Social de la Profesión,9.5,25/Nov/2018,Good teacher you only do 5 tasks two exhibitions and 3 very simple exams It is not difficult to spend with her
Excelente Maestra Clases muy dinámicas,BUENO,10.0,10.0,ATI,9.5,14/Nov/2017,Excellent Teacher Very dynamic classes
EL MEJOR PROFESOR SIN DUDAEXCELENTE PERSONA Y GRACIAS A EL SEGUI ADELANTE CON SU CONSEJO DE ESTUDIAR LEYESYA QUE EL ES UN EXCELENTE ABOGADO  ,BUENO,10.0,10.0,ORIENTACION,10,16/Oct/2010,THE BEST PROFESSOR WITHOUT UDDAEXCELLENT PERSON AND THANKS TO THE FOLLOWING WITH HIS COUNCIL TO STUDISE LAWESY THAT HE IS A EXCELLENT ADVOCATE
"varias veces me bajo puntos por platicar y me dio clases 3 semestres de la prepaa La verdad fue padrisiimo0 conocerlo
y sus clases eran lo mejor Se convirtio en una especie de espacio para platicar de todo un poco soretodo de nuestro futuro academico profesional y hasta emocional Sin mencionar que tenia un excelnete sentido del humor al dar clase sin quitar la seriedad que conllebava tal materia De mis profes favoritosyo le doy un diez y lo extrañatre mucho ",BUENO,10.0,10.0,orientacion,10,30/Jul/2008,Several times I dropped points for talking and gave me classes 3 semesters of the prepaa The truth was to know him and his classes were the best He became a kind of space to talk about everything a little soretodo of our future academic professional and even emotional Not to mention that he had an excellent sense of humor in giving class without taking away the seriousness that carries such matter From my favorite teachers I give him a ten and miss him very much
muy buen profe accesible y buena onda,BUENO,7.0,10.0,orientacion,9,25/Jul/2008,very good teacher accessible and good vibe
ES otro muy buen profesor es super accesible con toddos sus alumnos Como todos le molesta que cuando habla el o uno de nosotros no le pongamos atencion y simpre nos da avisos antes de un castigo Es muy especial pero muy buena ondaEXELENTA PROFESOR,BUENO,9.0,10.0,fILOSOFIA Y ORIENTACION,9.5,25/Jul/2008,He is another very good teacher is super accessible with all his students As everyone bothers him that when he or one of us speaks we do not pay attention and always gives us warnings before a punishment It is very special but very good waveEXELENTA PROFESOR
es una corrupta que no te escucha y no recibe a nadie en comunicacion es la mas incomunicada,MALO,2.0,10.0,relaciones publicas,0.5,27/Jul/2011,She's a corrupt woman who doesn't listen to you and doesn't receive anyone in communication. She's the most incommunicado.
Es súper buena onda y siempre te alienta a participar Muy buena maestra y le agarras confianza muy rápido,BUENO,10.0,6.0,Relaciones Internacionales,9,23/Ene/2021,It's super cool and always encourages you to participate Very good teacher and you grab confidence very fast
Grosero y mamon,MALO,3.0,4.0,",",21,12/Dic/2022,Thickness and mamon
Muy grosero,REGULAR,6.0,6.0,.,6,12/Dic/2022,Very rude.
Favoritismo de estudiantes,MALO,2.0,2.0,Comercio Exterior,8,31/Ago/2022,Favoritism of students
Bien mamón y prepotente,MALO,2.0,2.0,Derecho del comercio exterior,7.5,17/Feb/2022,Good sucker and presumptuous.
el peor profesor,REGULAR,4.0,2.0,Derecho fiscal,9,27/Jun/2019,the worst teacher
Demasiado apasionado por su materia en el buen sentido Excelencia académica desbordante Inspirador con sentido de ambición So sexy,BUENO,10.0,10.0,Aduanero,9.5,22/Sep/2017,Too passionate about your subject in the good sense Inspiring academic excellence with a sense of ambition So sexy
Muy buen maestro sabe mucho sobre la materia te recomiendo leer dos autores y participar mucho en clase además de estar guapísimo,BUENO,9.0,10.0,Derecho Romano,9.5,02/Oct/2016,Very good teacher knows a lot about the subject I recommend you read two authors and participate a lot in class besides being very beautiful
"Habla muy bien el español me ayudó mucho a mejorar A veces usa botas y traje vaquero eso sí bien boleadas XD

En general lo recomiendo ampliamente",BUENO,10.0,6.0,INGLES,8.5,05/Feb/2014,He speaks very well the Spanish helped me a lot to improve Sometimes he wears boots and jeans that do well bowled XD In general I recommend it widely
Muy buen maestro Muy bien vestido elegante y casual,REGULAR,6.0,2.0,Inglés 2,10,09/Jul/2013,Very good master Very well dressed elegant and casual
Chabe es la mejor es exigente pero es muy linda no te regala la calificación pero te ayuda a hacer las cosas bien,BUENO,9.0,8.0,Taller Integral,9.5,16/Dic/2015,Chabe is the best is demanding but she's very cute she doesn't give you the grade but she helps you do things right
En lo personal me cayó muy bien Pide participación en clase pero no son preguntas difíciles si te surge alguna duda y le preguntas él te responde con amabilidad y explica muy bien Los exámenes son de muchas preguntas en una hora El plan de trabajo de la materia es que tú des las clases,BUENO,8.0,8.0,FCQ/Anatomía y Fisiología,9,30/Ago/2021,"Personally, I liked it. Ask for class participation, but it's not difficult questions if you have any questions and you ask him. He answers you kindly and explains very well.Exams are a lot of questions in an hour.The work plan of the subject is that you give the classes."
Es el mejor profesor de la facultad que he tenido en mi vida estudiantil,BUENO,10.0,8.0,Quimica/Geoquimica/Quimica Organica,9,22/May/2016,He's the best faculty teacher I've ever had in my student life.
Explica bien y te apoya Se desespera porque estas en el cel Es algo gruñón,BUENO,9.0,2.0,Geoquímica,N/A,04/Dic/2013,It explains well and supports you It despairs because you're in cell It's kind of grumpy
Solo enojon,BUENO,10.0,10.0,radiodiagnostico,N/A,28/Abr/2010,Just get angry.
No sabe enseñar,MALO,3.0,6.0,Teoría general del estado,8.5,08/Feb/2017,He can't teach.
